id,username,comment,background
1,discrete,Self-enabling stable system engine,Green
2,executive,Inverse client-server functionalities,Fuscia
3,responsive,Reduced well-modulated migration,Purple
4,frame,Reduced dedicated policy,Khaki
5,Devolved,Business-focused logistical strategy,Fuscia
6,Front-line,Re-engineered maximized emulation,Teal
7,Optimized,Up-sized dedicated analyzer,Orange
8,data-warehouse,Managed reciprocal internet solution,Purple
9,4th generation,Automated holistic flexibility,Crimson
10,conglomeration,Adaptive modular success,Fuscia
11,Customizable,User-centric upward-trending circuit,Maroon
12,complexity,Horizontal systemic workforce,Mauv
13,Total,Sharable even-keeled analyzer,Puce
14,adapter,Ergonomic 5th generation software,Aquamarine
15,leverage,Sharable solution-oriented productivity,Yellow
16,Business-focused,Future-proofed real-time Graphical User Interface,Fuscia
17,zero administration,Profound regional synergy,Indigo
18,multimedia,Optional demand-driven structure,Yellow
19,throughput,Up-sized motivating local area network,Maroon
20,structure,Mandatory demand-driven infrastructure,Indigo
21,concept,Advanced responsive projection,Indigo
22,optimal,Reduced 5th generation forecast,Maroon
23,system-worthy,Implemented leading edge infrastructure,Aquamarine
24,Re-engineered,Pre-emptive dedicated policy,Khaki
25,web-enabled,Re-engineered static circuit,Red
26,support,Self-enabling national instruction set,Orange
27,value-added,Ergonomic mobile conglomeration,Maroon
28,analyzer,Enterprise-wide global methodology,Aquamarine
29,discrete,Reduced empowering extranet,Violet
30,bifurcated,Up-sized client-driven standardization,Turquoise
31,firmware,Integrated web-enabled internet solution,Green
32,moderator,Reactive empowering analyzer,Green
33,Public-key,Diverse full-range secured line,Aquamarine
34,Managed,Synergistic executive intranet,Goldenrod
35,Reverse-engineered,Function-based 24 hour function,Puce
36,Balanced,Progressive disintermediate array,Puce
37,circuit,Operative radical alliance,Goldenrod
38,mobile,Versatile contextually-based moderator,Purple
39,4th generation,Sharable empowering functionalities,Fuscia
40,Open-source,Ergonomic contextually-based paradigm,Indigo
41,encoding,Monitored leading edge conglomeration,Blue
42,interactive,Multi-layered logistical protocol,Teal
43,leading edge,Managed dedicated model,Teal
44,pricing structure,Managed fault-tolerant infrastructure,Purple
45,product,Exclusive encompassing interface,Fuscia
46,discrete,Devolved solution-oriented website,Mauv
47,Synchronised,Switchable high-level attitude,Teal
48,orchestration,Enterprise-wide contextually-based website,Maroon
49,explicit,User-friendly motivating forecast,Goldenrod
50,discrete,Digitized leading edge flexibility,Crimson
51,ability,Public-key multi-tasking leverage,Purple
52,definition,Optimized dedicated firmware,Crimson
53,Expanded,Customizable foreground portal,Blue
54,Stand-alone,Fully-configurable maximized open system,Turquoise
55,dynamic,Ameliorated attitude-oriented orchestration,Maroon
56,open architecture,Multi-tiered solution-oriented hardware,Green
57,disintermediate,Persevering holistic leverage,Puce
58,project,Decentralized optimal projection,Goldenrod
59,empowering,Right-sized uniform parallelism,Crimson
60,challenge,Right-sized dedicated structure,Teal
61,Intuitive,Quality-focused cohesive challenge,Maroon
62,implementation,Proactive real-time groupware,Mauv
63,Decentralized,Devolved modular contingency,Crimson
64,Diverse,Organized solution-oriented array,Red
65,well-modulated,Monitored object-oriented success,Violet
66,migration,Cloned maximized workforce,Teal
67,software,Right-sized multi-state help-desk,Fuscia
68,knowledge base,Ameliorated contextually-based focus group,Purple
69,Persistent,Diverse value-added local area network,Orange
70,function,Pre-emptive leading edge workforce,Blue
71,demand-driven,Synchronised transitional flexibility,Indigo
72,capability,Devolved solution-oriented instruction set,Turquoise
73,systemic,Expanded secondary matrices,Khaki
74,high-level,Quality-focused 5th generation superstructure,Red
75,Robust,Seamless cohesive secured line,Mauv
76,fault-tolerant,Team-oriented context-sensitive implementation,Turquoise
77,next generation,Vision-oriented needs-based frame,Pink
78,Intuitive,Face to face content-based service-desk,Maroon
79,leverage,Synergized zero administration collaboration,Goldenrod
80,Multi-lateral,Grass-roots optimizing hierarchy,Blue
81,archive,Managed secondary orchestration,Mauv
82,implementation,Universal even-keeled matrices,Yellow
83,fault-tolerant,Re-contextualized optimizing initiative,Turquoise
84,benchmark,Intuitive asymmetric definition,Khaki
85,flexibility,Universal discrete database,Green
86,bandwidth-monitored,Ameliorated radical support,Blue
87,Business-focused,Right-sized secondary project,Yellow
88,neural-net,Extended even-keeled task-force,Khaki
89,portal,Optimized responsive array,Turquoise
90,core,Cross-group directional strategy,Red
91,task-force,Monitored local internet solution,Green
92,encryption,Sharable motivating local area network,Khaki
93,product,Distributed even-keeled analyzer,Green
94,actuating,Future-proofed multi-tasking time-frame,Indigo
95,forecast,Managed methodical paradigm,Pink
96,website,Assimilated empowering customer loyalty,Puce
97,dynamic,Ameliorated systemic extranet,Khaki
98,solution-oriented,Expanded fault-tolerant workforce,Puce
99,human-resource,Face to face context-sensitive hub,Khaki
100,Mandatory,Reverse-engineered zero administration initiative,Mauv
101,systemic,Streamlined regional paradigm,Puce
102,Right-sized,Switchable tangible hardware,Pink
103,Organic,Robust tertiary superstructure,Teal
104,secondary,Multi-layered context-sensitive budgetary management,Turquoise
105,Grass-roots,Polarised bandwidth-monitored artificial intelligence,Green
106,optimizing,Networked needs-based implementation,Orange
107,User-centric,Reduced bifurcated customer loyalty,Purple
108,secondary,Intuitive system-worthy application,Orange
109,static,Adaptive scalable standardization,Fuscia
110,Stand-alone,Advanced 3rd generation parallelism,Khaki
111,Ameliorated,Inverse leading edge capacity,Violet
112,hybrid,Operative context-sensitive groupware,Turquoise
113,attitude,Secured real-time firmware,Orange
114,Triple-buffered,Optimized zero defect matrix,Pink
115,workforce,Stand-alone logistical artificial intelligence,Indigo
116,foreground,Stand-alone attitude-oriented access,Indigo
117,radical,Optimized logistical firmware,Crimson
118,interface,Polarised demand-driven middleware,Turquoise
119,motivating,Synergized stable methodology,Aquamarine
120,full-range,Expanded scalable superstructure,Goldenrod
121,well-modulated,Exclusive asymmetric structure,Fuscia
122,Realigned,Programmable methodical hardware,Pink
123,customer loyalty,Multi-channelled local workforce,Goldenrod
124,dynamic,Enterprise-wide next generation structure,Mauv
125,productivity,Re-engineered client-server algorithm,Green
126,full-range,Innovative uniform methodology,Goldenrod
127,tangible,Multi-layered 3rd generation algorithm,Orange
128,Pre-emptive,Balanced context-sensitive service-desk,Yellow
129,systemic,Ergonomic composite paradigm,Blue
130,Business-focused,Extended methodical emulation,Purple
131,maximized,Expanded hybrid installation,Crimson
132,Optimized,Intuitive high-level methodology,Maroon
133,system engine,Operative leading edge project,Khaki
134,Mandatory,Re-contextualized multi-tasking methodology,Khaki
135,Horizontal,Quality-focused 6th generation strategy,Violet
136,4th generation,Polarised responsive monitoring,Blue
137,modular,Right-sized optimal moderator,Purple
138,Assimilated,Organic bottom-line support,Violet
139,static,Profit-focused impactful orchestration,Pink
140,flexibility,Right-sized homogeneous toolset,Red
141,Progressive,Customizable disintermediate neural-net,Crimson
142,initiative,Switchable empowering neural-net,Fuscia
143,service-desk,Devolved background middleware,Violet
144,Adaptive,Assimilated fresh-thinking structure,Green
145,Versatile,Intuitive holistic circuit,Purple
146,Fundamental,Balanced cohesive toolset,Violet
147,disintermediate,Operative radical installation,Puce
148,complexity,Decentralized maximized interface,Violet
149,empowering,Multi-channelled analyzing capability,Puce
150,cohesive,Balanced hybrid budgetary management,Indigo
151,disintermediate,Profound multi-state help-desk,Violet
152,systematic,Up-sized system-worthy attitude,Khaki
153,Multi-lateral,Devolved interactive hierarchy,Teal
154,success,Intuitive attitude-oriented instruction set,Orange
155,human-resource,Secured intermediate superstructure,Goldenrod
156,support,Right-sized non-volatile concept,Purple
157,product,Fundamental transitional orchestration,Goldenrod
158,analyzing,Cross-platform global capability,Fuscia
159,Networked,Virtual national pricing structure,Goldenrod
160,responsive,Persevering multimedia standardization,Maroon
161,Open-source,Front-line directional conglomeration,Violet
162,Persevering,Open-source 3rd generation task-force,Turquoise
163,service-desk,Operative asymmetric algorithm,Teal
164,initiative,Up-sized cohesive hierarchy,Khaki
165,scalable,Profound fault-tolerant architecture,Turquoise
166,zero tolerance,Grass-roots discrete protocol,Mauv
167,stable,Multi-channelled disintermediate project,Turquoise
168,tangible,Managed methodical adapter,Aquamarine
169,foreground,Ergonomic empowering moratorium,Violet
170,uniform,Re-engineered 6th generation monitoring,Turquoise
171,asynchronous,Profound hybrid data-warehouse,Aquamarine
172,multi-state,Decentralized contextually-based adapter,Mauv
173,Compatible,Fundamental bandwidth-monitored installation,Indigo
174,5th generation,Robust leading edge workforce,Aquamarine
175,client-server,Organized attitude-oriented capability,Aquamarine
176,Business-focused,Multi-layered impactful encryption,Purple
177,non-volatile,Customizable 4th generation architecture,Khaki
178,exuding,Future-proofed cohesive leverage,Violet
179,Total,Self-enabling bi-directional throughput,Violet
180,Re-contextualized,Face to face encompassing strategy,Indigo
181,Optional,Synergistic logistical matrices,Crimson
182,toolset,Customizable web-enabled monitoring,Crimson
183,Secured,Devolved local success,Turquoise
184,Stand-alone,Integrated zero administration benchmark,Blue
185,clear-thinking,Object-based real-time initiative,Turquoise
186,Decentralized,De-engineered modular frame,Crimson
187,Automated,Multi-lateral global knowledge base,Teal
188,motivating,Upgradable content-based leverage,Blue
189,Realigned,Switchable contextually-based open architecture,Violet
190,implementation,Customer-focused responsive encryption,Aquamarine
191,open system,Right-sized value-added moratorium,Teal
192,process improvement,Front-line 24 hour help-desk,Indigo
193,holistic,Assimilated impactful interface,Indigo
194,model,Synchronised executive policy,Orange
195,multi-state,Centralized methodical core,Goldenrod
196,analyzer,Enterprise-wide fault-tolerant hardware,Indigo
197,uniform,Reverse-engineered homogeneous info-mediaries,Teal
198,static,Switchable impactful encoding,Khaki
199,fresh-thinking,Operative encompassing complexity,Puce
200,discrete,Realigned maximized conglomeration,Fuscia
201,middleware,Virtual 3rd generation concept,Teal
202,approach,Organic content-based capability,Orange
203,national,Pre-emptive bottom-line array,Yellow
204,Organized,Cloned multi-state leverage,Turquoise
205,eco-centric,Profound explicit contingency,Puce
206,User-friendly,Seamless needs-based benchmark,Mauv
207,Extended,Compatible high-level methodology,Teal
208,Automated,Vision-oriented incremental service-desk,Maroon
209,framework,Monitored foreground budgetary management,Aquamarine
210,Public-key,Future-proofed encompassing task-force,Pink
211,Vision-oriented,Self-enabling transitional budgetary management,Indigo
212,Down-sized,Phased secondary initiative,Pink
213,framework,Secured eco-centric function,Orange
214,moratorium,Innovative reciprocal forecast,Crimson
215,Down-sized,Horizontal clear-thinking intranet,Crimson
216,hub,Seamless motivating frame,Blue
217,neutral,Realigned full-range collaboration,Goldenrod
218,pricing structure,Decentralized 6th generation architecture,Blue
219,Compatible,Multi-layered intangible time-frame,Purple
220,Expanded,Stand-alone interactive focus group,Indigo
221,Inverse,Function-based static installation,Maroon
222,optimal,User-centric 3rd generation product,Pink
223,demand-driven,Profit-focused eco-centric workforce,Blue
224,regional,Virtual directional approach,Violet
225,archive,Fundamental discrete analyzer,Aquamarine
226,global,Balanced foreground open architecture,Khaki
227,web-enabled,Multi-channelled upward-trending extranet,Turquoise
228,parallelism,Down-sized scalable extranet,Blue
229,Ergonomic,Polarised demand-driven encryption,Green
230,implementation,Quality-focused leading edge encoding,Purple
231,Virtual,User-centric mobile model,Turquoise
232,Enhanced,Multi-channelled homogeneous migration,Purple
233,Right-sized,Customizable foreground hub,Indigo
234,model,Object-based multi-tasking conglomeration,Teal
235,conglomeration,Open-source even-keeled infrastructure,Pink
236,Enterprise-wide,Ergonomic contextually-based migration,Purple
237,static,Distributed explicit installation,Mauv
238,concept,Re-contextualized well-modulated task-force,Goldenrod
239,Digitized,Intuitive eco-centric budgetary management,Green
240,groupware,Switchable attitude-oriented model,Crimson
241,circuit,Persevering holistic encoding,Goldenrod
242,Triple-buffered,Exclusive national project,Puce
243,Intuitive,Multi-lateral web-enabled data-warehouse,Teal
244,hybrid,Networked exuding workforce,Puce
245,methodology,Intuitive optimizing benchmark,Purple
246,algorithm,Progressive well-modulated encoding,Blue
247,leading edge,Reverse-engineered mission-critical encryption,Orange
248,Future-proofed,Grass-roots multimedia hardware,Yellow
249,leverage,Implemented national knowledge user,Purple
250,capability,Organized directional application,Indigo
251,Business-focused,Switchable dedicated system engine,Maroon
252,static,Multi-channelled reciprocal extranet,Mauv
253,Realigned,Down-sized eco-centric encoding,Red
254,help-desk,Multi-channelled zero defect local area network,Blue
255,Reduced,Visionary upward-trending workforce,Purple
256,Centralized,Operative 6th generation productivity,Red
257,Realigned,Pre-emptive radical leverage,Maroon
258,human-resource,Integrated intermediate projection,Mauv
259,Reactive,Virtual context-sensitive workforce,Orange
260,client-driven,User-centric mobile model,Puce
261,Networked,Open-source full-range flexibility,Blue
262,didactic,Decentralized composite task-force,Mauv
263,project,Persistent interactive orchestration,Purple
264,customer loyalty,Face to face dedicated model,Purple
265,heuristic,Re-engineered multimedia process improvement,Red
266,upward-trending,Ergonomic optimal migration,Teal
267,budgetary management,Distributed coherent complexity,Khaki
268,access,Public-key upward-trending conglomeration,Purple
269,Enterprise-wide,Vision-oriented empowering hierarchy,Aquamarine
270,secured line,Inverse hybrid success,Khaki
271,Customer-focused,Progressive dynamic encoding,Orange
272,productivity,Universal directional access,Turquoise
273,foreground,Monitored non-volatile methodology,Yellow
274,4th generation,Re-contextualized 6th generation hub,Fuscia
275,support,Cross-group needs-based leverage,Yellow
276,radical,Re-contextualized incremental array,Mauv
277,data-warehouse,Compatible asymmetric Graphic Interface,Violet
278,multi-tasking,Enterprise-wide asynchronous database,Pink
279,Quality-focused,Synchronised global help-desk,Mauv
280,projection,Team-oriented 5th generation benchmark,Blue
281,installation,Reactive solution-oriented internet solution,Blue
282,collaboration,Advanced disintermediate array,Crimson
283,Future-proofed,Business-focused clear-thinking challenge,Aquamarine
284,artificial intelligence,Decentralized high-level encoding,Yellow
285,Fundamental,Enterprise-wide bottom-line instruction set,Green
286,Assimilated,De-engineered multi-state encoding,Goldenrod
287,open architecture,Stand-alone intermediate monitoring,Mauv
288,hybrid,Innovative homogeneous hardware,Fuscia
289,Open-source,Balanced 24 hour info-mediaries,Fuscia
290,system-worthy,Open-architected next generation conglomeration,Fuscia
291,responsive,Inverse holistic interface,Puce
292,3rd generation,Optional radical firmware,Maroon
293,concept,Organized needs-based extranet,Blue
294,Pre-emptive,Ameliorated 4th generation projection,Teal
295,Up-sized,Re-engineered neutral solution,Yellow
296,intranet,Sharable exuding emulation,Green
297,impactful,Managed maximized matrix,Indigo
298,interface,Ergonomic dedicated strategy,Khaki
299,architecture,Inverse scalable alliance,Khaki
300,Reduced,Face to face regional info-mediaries,Indigo
301,parallelism,Sharable 3rd generation moderator,Aquamarine
302,groupware,Optional composite protocol,Orange
303,encompassing,Re-engineered clear-thinking focus group,Turquoise
304,flexibility,Fully-configurable scalable process improvement,Indigo
305,firmware,Multi-tiered reciprocal infrastructure,Green
306,24 hour,Polarised scalable hierarchy,Turquoise
307,approach,Configurable composite paradigm,Orange
308,protocol,Down-sized national projection,Blue
309,content-based,Distributed cohesive matrix,Purple
310,grid-enabled,Multi-tiered optimal parallelism,Fuscia
311,Reduced,Intuitive tangible Graphic Interface,Teal
312,leading edge,Multi-tiered content-based website,Green
313,optimal,Quality-focused 24 hour portal,Indigo
314,methodical,Centralized methodical algorithm,Maroon
315,analyzing,Enhanced responsive archive,Puce
316,modular,Future-proofed mobile emulation,Aquamarine
317,24/7,Face to face client-server projection,Mauv
318,Networked,Cross-platform discrete contingency,Crimson
319,mission-critical,Front-line 5th generation array,Pink
320,architecture,Open-architected interactive monitoring,Aquamarine
321,database,Progressive multi-tasking conglomeration,Teal
322,Open-source,Cloned transitional capability,Aquamarine
323,background,Integrated secondary product,Green
324,utilisation,Compatible object-oriented encoding,Blue
325,4th generation,Up-sized eco-centric knowledge user,Fuscia
326,Advanced,Right-sized contextually-based implementation,Mauv
327,actuating,Balanced web-enabled circuit,Khaki
328,Multi-channelled,Networked secondary installation,Orange
329,mission-critical,Persistent logistical toolset,Yellow
330,customer loyalty,Phased multimedia toolset,Turquoise
331,Face to face,Business-focused attitude-oriented encryption,Fuscia
332,installation,Monitored non-volatile frame,Maroon
333,Operative,Compatible uniform hierarchy,Orange
334,help-desk,Upgradable systematic Graphic Interface,Crimson
335,Synergistic,Sharable disintermediate installation,Purple
336,knowledge base,Multi-channelled contextually-based standardization,Purple
337,Inverse,Optional upward-trending website,Maroon
338,focus group,Open-architected holistic local area network,Violet
339,open system,Synergistic even-keeled moratorium,Yellow
340,complexity,Customizable high-level monitoring,Goldenrod
341,artificial intelligence,De-engineered homogeneous middleware,Mauv
342,flexibility,Managed clear-thinking process improvement,Red
343,bifurcated,Decentralized responsive solution,Pink
344,infrastructure,Multi-layered reciprocal projection,Green
345,dedicated,Sharable asymmetric portal,Indigo
346,pricing structure,Versatile didactic support,Teal
347,definition,Phased 24 hour solution,Khaki
348,Graphic Interface,Vision-oriented methodical adapter,Goldenrod
349,Horizontal,Persevering global moderator,Indigo
350,Future-proofed,Distributed stable synergy,Teal
351,application,Monitored 5th generation matrix,Puce
352,alliance,Realigned directional moderator,Fuscia
353,Extended,Self-enabling 3rd generation hierarchy,Pink
354,Seamless,Adaptive empowering installation,Yellow
355,Persistent,Horizontal explicit ability,Orange
356,content-based,Integrated foreground function,Maroon
357,intermediate,Customizable static parallelism,Indigo
358,Customer-focused,Upgradable directional conglomeration,Green
359,attitude-oriented,Profit-focused upward-trending capacity,Orange
360,Sharable,Enterprise-wide leading edge productivity,Puce
361,concept,Cross-platform 4th generation customer loyalty,Red
362,user-facing,Universal fresh-thinking encoding,Khaki
363,national,Synergistic fresh-thinking definition,Aquamarine
364,multi-state,Profound optimizing archive,Turquoise
365,zero administration,Front-line modular parallelism,Yellow
366,Horizontal,Face to face multi-state instruction set,Orange
367,multimedia,Expanded eco-centric pricing structure,Violet
368,Down-sized,Digitized tertiary task-force,Blue
369,Robust,Enterprise-wide next generation capability,Orange
370,Business-focused,Multi-tiered 5th generation budgetary management,Pink
371,algorithm,Quality-focused leading edge moratorium,Goldenrod
372,Devolved,Robust 5th generation encryption,Crimson
373,value-added,Innovative empowering initiative,Red
374,Profit-focused,Organized executive encoding,Red
375,clear-thinking,Triple-buffered intermediate array,Yellow
376,installation,Stand-alone intermediate matrices,Aquamarine
377,multi-state,Adaptive background moratorium,Turquoise
378,model,Cloned global orchestration,Blue
379,eco-centric,Versatile context-sensitive budgetary management,Yellow
380,needs-based,Reactive actuating interface,Aquamarine
381,Quality-focused,Object-based fresh-thinking service-desk,Fuscia
382,Universal,Object-based 3rd generation product,Green
383,optimal,Open-architected zero tolerance interface,Aquamarine
384,Digitized,Customer-focused system-worthy flexibility,Crimson
385,ability,Persevering uniform encryption,Red
386,hierarchy,Devolved incremental moderator,Crimson
387,secured line,Optional content-based project,Maroon
388,24/7,Optimized optimizing knowledge base,Blue
389,dynamic,Object-based high-level product,Crimson
390,circuit,Cross-group bottom-line portal,Maroon
391,background,Programmable global firmware,Crimson
392,dedicated,Face to face attitude-oriented open system,Purple
393,projection,Re-engineered background software,Fuscia
394,Multi-channelled,Adaptive disintermediate process improvement,Indigo
395,Centralized,Enterprise-wide multi-tasking instruction set,Teal
396,methodical,Implemented zero tolerance array,Turquoise
397,Business-focused,Multi-layered needs-based flexibility,Yellow
398,well-modulated,Streamlined scalable access,Teal
399,infrastructure,User-centric stable flexibility,Teal
400,Face to face,Multi-channelled high-level toolset,Red
401,Organic,Intuitive asynchronous toolset,Red
402,Up-sized,Total exuding open architecture,Crimson
403,didactic,Monitored scalable model,Purple
404,service-desk,Managed foreground database,Turquoise
405,Managed,Adaptive dedicated moderator,Green
406,forecast,Synergistic multi-tasking benchmark,Green
407,multi-tasking,Configurable incremental protocol,Green
408,global,Re-contextualized human-resource protocol,Purple
409,Horizontal,Expanded web-enabled neural-net,Purple
410,Multi-tiered,Sharable fault-tolerant budgetary management,Teal
411,Managed,Balanced national adapter,Blue
412,Focused,Universal mission-critical customer loyalty,Yellow
413,array,Implemented homogeneous protocol,Pink
414,Enhanced,Customizable zero tolerance Graphical User Interface,Puce
415,Profit-focused,Ergonomic 5th generation neural-net,Turquoise
416,monitoring,Configurable tertiary benchmark,Teal
417,human-resource,Inverse heuristic infrastructure,Fuscia
418,Optimized,Synergized asynchronous circuit,Pink
419,context-sensitive,Switchable tertiary model,Orange
420,challenge,Public-key content-based project,Mauv
421,real-time,Stand-alone needs-based alliance,Teal
422,initiative,Robust foreground conglomeration,Khaki
423,Upgradable,Universal zero defect model,Fuscia
424,architecture,Ameliorated value-added intranet,Red
425,global,Sharable uniform interface,Turquoise
426,6th generation,Balanced 3rd generation product,Yellow
427,Centralized,Robust non-volatile application,Mauv
428,Pre-emptive,Front-line tertiary software,Yellow
429,Visionary,Devolved 3rd generation monitoring,Pink
430,cohesive,Cloned uniform groupware,Crimson
431,client-driven,Seamless tangible task-force,Khaki
432,installation,Monitored composite algorithm,Teal
433,actuating,Business-focused local interface,Goldenrod
434,Multi-lateral,Multi-channelled 6th generation matrices,Red
435,Sharable,Customizable fault-tolerant neural-net,Maroon
436,Managed,Switchable 3rd generation functionalities,Green
437,Seamless,Synergistic executive collaboration,Pink
438,secured line,Exclusive composite forecast,Green
439,stable,Automated heuristic firmware,Crimson
440,internet solution,Secured intangible toolset,Yellow
441,heuristic,Optional 24 hour protocol,Indigo
442,Digitized,Operative hybrid customer loyalty,Fuscia
443,bottom-line,Persistent human-resource local area network,Pink
444,structure,Ameliorated 6th generation framework,Green
445,implementation,Total needs-based capacity,Mauv
446,object-oriented,Diverse tangible parallelism,Green
447,alliance,De-engineered mission-critical utilisation,Fuscia
448,Fundamental,Phased hybrid structure,Khaki
449,framework,Virtual secondary workforce,Red
450,alliance,Customizable 24 hour structure,Green
451,methodology,Phased full-range strategy,Yellow
452,Synergized,Reverse-engineered zero defect function,Indigo
453,reciprocal,Reverse-engineered solution-oriented conglomeration,Yellow
454,uniform,Horizontal optimal instruction set,Aquamarine
455,process improvement,Ergonomic non-volatile software,Crimson
456,client-server,Up-sized actuating approach,Blue
457,Networked,Exclusive fault-tolerant definition,Crimson
458,multi-tasking,Intuitive local monitoring,Yellow
459,analyzer,Open-source context-sensitive capability,Green
460,Profound,Upgradable fresh-thinking database,Green
461,hybrid,Devolved multi-state firmware,Turquoise
462,Secured,Public-key national frame,Yellow
463,Inverse,Profit-focused 4th generation extranet,Fuscia
464,mission-critical,Operative 4th generation portal,Violet
465,orchestration,Enterprise-wide cohesive product,Yellow
466,Upgradable,Innovative local time-frame,Khaki
467,neural-net,Monitored national toolset,Orange
468,middleware,Future-proofed demand-driven implementation,Green
469,Pre-emptive,Organic cohesive matrix,Fuscia
470,Synchronised,Integrated neutral core,Fuscia
471,support,Pre-emptive uniform interface,Yellow
472,object-oriented,Profit-focused content-based initiative,Orange
473,strategy,Right-sized discrete flexibility,Green
474,Re-contextualized,Fundamental multimedia support,Yellow
475,Quality-focused,Phased full-range support,Turquoise
476,Secured,Seamless client-server circuit,Mauv
477,heuristic,Switchable stable hierarchy,Indigo
478,data-warehouse,Realigned context-sensitive groupware,Indigo
479,Fully-configurable,Triple-buffered explicit customer loyalty,Khaki
480,policy,Fundamental multimedia instruction set,Yellow
481,multimedia,Cloned zero administration complexity,Fuscia
482,orchestration,Focused zero defect time-frame,Aquamarine
483,Switchable,Cross-group empowering capability,Pink
484,background,Team-oriented analyzing structure,Maroon
485,product,Reverse-engineered context-sensitive moratorium,Orange
486,array,Centralized system-worthy open system,Teal
487,system-worthy,Mandatory clear-thinking benchmark,Blue
488,standardization,Streamlined intangible structure,Teal
489,standardization,De-engineered bifurcated parallelism,Aquamarine
490,Profound,Organic 4th generation local area network,Yellow
491,archive,Balanced modular middleware,Crimson
492,next generation,Assimilated exuding budgetary management,Green
493,attitude,Future-proofed exuding encoding,Aquamarine
494,extranet,Balanced methodical extranet,Teal
495,Proactive,Up-sized tangible structure,Indigo
496,focus group,Optimized optimal budgetary management,Maroon
497,Extended,Robust intermediate framework,Khaki
498,Compatible,Sharable 5th generation initiative,Aquamarine
499,heuristic,Centralized encompassing projection,Fuscia
500,Compatible,Expanded systematic paradigm,Red
501,service-desk,Object-based solution-oriented challenge,Mauv
502,multi-tasking,Networked multi-state moderator,Indigo
503,De-engineered,Assimilated encompassing customer loyalty,Indigo
504,asynchronous,Realigned incremental definition,Khaki
505,Reduced,Balanced demand-driven methodology,Crimson
506,concept,Extended logistical array,Goldenrod
507,intermediate,Mandatory interactive internet solution,Violet
508,asynchronous,Face to face optimizing middleware,Green
509,asymmetric,Public-key composite portal,Blue
510,bifurcated,Down-sized logistical knowledge base,Purple
511,context-sensitive,Networked asynchronous definition,Green
512,benchmark,Networked object-oriented data-warehouse,Pink
513,Phased,Profound intermediate core,Turquoise
514,static,Organic responsive internet solution,Pink
515,grid-enabled,Total optimal function,Orange
516,bottom-line,Quality-focused 24/7 conglomeration,Green
517,Assimilated,Polarised scalable standardization,Puce
518,mission-critical,Enterprise-wide modular analyzer,Teal
519,3rd generation,Cloned regional success,Violet
520,Persistent,Optimized non-volatile internet solution,Mauv
521,attitude-oriented,Operative object-oriented functionalities,Red
522,User-centric,De-engineered asynchronous moderator,Orange
523,algorithm,Focused bandwidth-monitored encoding,Red
524,collaboration,User-centric fresh-thinking projection,Goldenrod
525,toolset,User-friendly tertiary superstructure,Green
526,Front-line,Fully-configurable client-driven emulation,Turquoise
527,initiative,Enterprise-wide multi-state portal,Turquoise
528,archive,Mandatory mobile database,Orange
529,superstructure,Automated local synergy,Blue
530,internet solution,Networked non-volatile challenge,Aquamarine
531,Focused,Configurable transitional hierarchy,Pink
532,needs-based,Realigned background concept,Fuscia
533,approach,Assimilated uniform orchestration,Orange
534,Stand-alone,Polarised attitude-oriented time-frame,Fuscia
535,definition,Mandatory reciprocal projection,Teal
536,Ameliorated,Profit-focused bottom-line hierarchy,Teal
537,Adaptive,Synergized responsive access,Green
538,Ameliorated,Diverse transitional knowledge base,Orange
539,mobile,Total 3rd generation throughput,Yellow
540,help-desk,Polarised well-modulated benchmark,Yellow
541,Function-based,Focused actuating throughput,Green
542,encompassing,Function-based tangible neural-net,Yellow
543,system engine,Advanced context-sensitive archive,Fuscia
544,flexibility,Networked 6th generation budgetary management,Mauv
545,5th generation,Virtual bi-directional parallelism,Yellow
546,Upgradable,Pre-emptive 6th generation firmware,Orange
547,motivating,Synergistic upward-trending data-warehouse,Blue
548,contextually-based,Down-sized impactful emulation,Maroon
549,De-engineered,Optional uniform workforce,Blue
550,responsive,Networked dedicated initiative,Puce
551,impactful,User-friendly solution-oriented standardization,Violet
552,Fundamental,Horizontal next generation throughput,Green
553,bifurcated,Sharable analyzing initiative,Crimson
554,encoding,Distributed 5th generation success,Red
555,multi-tasking,Innovative optimal middleware,Blue
556,policy,Upgradable optimizing website,Pink
557,secured line,Progressive 24 hour instruction set,Crimson
558,Optimized,Devolved client-driven success,Pink
559,Secured,Programmable motivating secured line,Red
560,tertiary,Programmable system-worthy emulation,Khaki
561,time-frame,Grass-roots bottom-line workforce,Aquamarine
562,Fundamental,Up-sized full-range alliance,Goldenrod
563,Reverse-engineered,Implemented actuating solution,Aquamarine
564,hardware,Proactive discrete matrix,Blue
565,Intuitive,Exclusive upward-trending attitude,Khaki
566,object-oriented,Organic multimedia emulation,Turquoise
567,actuating,Configurable next generation contingency,Maroon
568,encoding,Ameliorated next generation process improvement,Green
569,system engine,Mandatory client-server data-warehouse,Orange
570,task-force,Persistent multimedia productivity,Aquamarine
571,empowering,Organized asymmetric analyzer,Crimson
572,secondary,Synergistic zero administration service-desk,Red
573,project,Implemented contextually-based contingency,Teal
574,workforce,Cross-group attitude-oriented frame,Fuscia
575,User-centric,Compatible incremental portal,Crimson
576,Programmable,Optimized 6th generation attitude,Puce
577,encryption,Devolved clear-thinking function,Puce
578,methodology,Assimilated bifurcated secured line,Green
579,Self-enabling,Customizable grid-enabled project,Maroon
580,User-friendly,Synergistic 6th generation workforce,Teal
581,intranet,Pre-emptive systemic analyzer,Pink
582,high-level,Innovative directional software,Crimson
583,24 hour,Stand-alone maximized orchestration,Turquoise
584,neutral,Synergistic responsive standardization,Green
585,4th generation,Distributed methodical access,Blue
586,open system,Object-based client-driven definition,Red
587,middleware,Phased 3rd generation infrastructure,Orange
588,help-desk,Versatile interactive firmware,Goldenrod
589,context-sensitive,Future-proofed client-driven synergy,Khaki
590,Compatible,Customizable static support,Maroon
591,tangible,Right-sized foreground adapter,Maroon
592,full-range,Universal regional flexibility,Crimson
593,capability,Enhanced actuating software,Crimson
594,Compatible,Operative bottom-line software,Purple
595,open architecture,Future-proofed scalable database,Puce
596,leading edge,Focused 4th generation hub,Mauv
597,Synergized,Switchable regional collaboration,Pink
598,Fundamental,Down-sized bandwidth-monitored contingency,Red
599,responsive,Re-contextualized next generation process improvement,Red
600,Configurable,Focused fresh-thinking protocol,Blue
601,attitude-oriented,Ameliorated human-resource alliance,Pink
602,hardware,Mandatory multi-tasking circuit,Green
603,Front-line,Monitored responsive capability,Maroon
604,discrete,Team-oriented empowering productivity,Orange
605,bifurcated,Object-based 3rd generation hierarchy,Violet
606,multi-state,Devolved fresh-thinking framework,Yellow
607,regional,Front-line needs-based application,Orange
608,Innovative,User-friendly fresh-thinking contingency,Blue
609,superstructure,Organic explicit framework,Purple
610,attitude-oriented,Customer-focused stable leverage,Turquoise
611,Cross-platform,Grass-roots clear-thinking installation,Maroon
612,service-desk,Open-source mission-critical help-desk,Violet
613,adapter,Fundamental next generation superstructure,Goldenrod
614,structure,User-centric exuding leverage,Violet
615,stable,Progressive incremental middleware,Blue
616,next generation,Self-enabling attitude-oriented middleware,Orange
617,Grass-roots,Self-enabling national collaboration,Violet
618,orchestration,Grass-roots 24/7 adapter,Crimson
619,Reactive,Multi-tiered intangible interface,Green
620,object-oriented,Business-focused 24 hour product,Mauv
621,protocol,Universal grid-enabled frame,Blue
622,Robust,Optimized fresh-thinking emulation,Mauv
623,Object-based,Reduced secondary knowledge user,Goldenrod
624,productivity,Multi-lateral explicit budgetary management,Pink
625,asymmetric,Fully-configurable mission-critical encryption,Blue
626,attitude-oriented,Ameliorated foreground concept,Turquoise
627,Re-contextualized,Optional eco-centric toolset,Puce
628,even-keeled,Profound bifurcated alliance,Green
629,Implemented,Customer-focused modular customer loyalty,Mauv
630,zero tolerance,Ergonomic optimizing core,Crimson
631,matrices,Open-source analyzing extranet,Khaki
632,intangible,Managed secondary success,Red
633,matrices,Multi-channelled client-server help-desk,Purple
634,Down-sized,Cross-platform systemic challenge,Fuscia
635,ability,Synchronised high-level monitoring,Orange
636,intermediate,Face to face empowering parallelism,Teal
637,fresh-thinking,Managed bandwidth-monitored core,Indigo
638,value-added,Cloned zero tolerance adapter,Mauv
639,logistical,Adaptive foreground customer loyalty,Indigo
640,methodical,Intuitive background customer loyalty,Blue
641,didactic,Organic secondary utilisation,Orange
642,paradigm,Multi-channelled real-time initiative,Teal
643,hardware,Inverse full-range hardware,Crimson
644,toolset,Versatile incremental definition,Fuscia
645,dynamic,Expanded systemic analyzer,Purple
646,Ergonomic,Integrated systemic encryption,Goldenrod
647,interface,Mandatory bottom-line hub,Aquamarine
648,Implemented,Reactive bottom-line architecture,Pink
649,Automated,Managed uniform open system,Yellow
650,orchestration,Phased tangible protocol,Blue
651,customer loyalty,Virtual radical benchmark,Fuscia
652,flexibility,Synergistic optimal forecast,Goldenrod
653,hub,Exclusive multimedia framework,Indigo
654,attitude-oriented,Switchable high-level framework,Teal
655,dynamic,Realigned modular intranet,Pink
656,Inverse,Operative human-resource solution,Turquoise
657,Switchable,Multi-lateral methodical monitoring,Yellow
658,open architecture,Intuitive exuding model,Green
659,clear-thinking,Persistent global forecast,Fuscia
660,contingency,User-centric even-keeled utilisation,Puce
661,fresh-thinking,Organized bi-directional migration,Violet
662,projection,Multi-tiered intangible portal,Teal
663,throughput,Profound 24/7 policy,Pink
664,Enhanced,Proactive neutral open architecture,Crimson
665,Synergistic,Multi-layered web-enabled forecast,Aquamarine
666,reciprocal,Reverse-engineered eco-centric internet solution,Crimson
667,frame,Switchable transitional secured line,Mauv
668,Balanced,Cross-platform human-resource project,Turquoise
669,5th generation,Enhanced holistic orchestration,Khaki
670,Optional,Monitored 4th generation product,Orange
671,Focused,Pre-emptive bottom-line utilisation,Yellow
672,attitude,Ergonomic composite focus group,Khaki
673,monitoring,Reactive zero administration archive,Puce
674,infrastructure,Synchronised value-added ability,Teal
675,function,Streamlined leading edge matrix,Khaki
676,Expanded,Networked attitude-oriented extranet,Violet
677,standardization,Reverse-engineered optimizing time-frame,Orange
678,task-force,Sharable client-driven moderator,Violet
679,contingency,Diverse exuding attitude,Turquoise
680,frame,Open-source multi-tasking archive,Orange
681,discrete,Pre-emptive bottom-line info-mediaries,Red
682,Managed,Assimilated context-sensitive open system,Blue
683,interactive,Right-sized zero defect matrices,Orange
684,5th generation,Proactive empowering workforce,Mauv
685,matrix,Future-proofed mobile approach,Fuscia
686,logistical,Universal bi-directional productivity,Fuscia
687,capability,Quality-focused coherent alliance,Turquoise
688,focus group,Front-line client-server adapter,Maroon
689,Persistent,Compatible 5th generation matrices,Puce
690,Implemented,Extended maximized benchmark,Aquamarine
691,high-level,Expanded well-modulated approach,Indigo
692,paradigm,Focused dynamic function,Goldenrod
693,Pre-emptive,User-centric demand-driven archive,Green
694,Proactive,Operative discrete middleware,Maroon
695,definition,Upgradable intangible info-mediaries,Mauv
696,Enterprise-wide,Quality-focused didactic encoding,Red
697,access,Virtual encompassing software,Orange
698,Front-line,Open-architected well-modulated parallelism,Orange
699,knowledge user,Object-based bi-directional instruction set,Teal
700,Extended,Re-engineered optimal circuit,Turquoise
701,5th generation,Total asymmetric complexity,Teal
702,Profound,User-centric directional ability,Puce
703,Multi-lateral,Down-sized fault-tolerant project,Green
704,infrastructure,Profit-focused stable internet solution,Teal
705,firmware,Object-based tangible instruction set,Khaki
706,grid-enabled,Optional global process improvement,Maroon
707,Reverse-engineered,Fundamental content-based application,Blue
708,neural-net,Inverse scalable definition,Teal
709,responsive,Team-oriented human-resource benchmark,Khaki
710,24/7,Expanded secondary methodology,Blue
711,Open-source,Synergized next generation project,Mauv
712,throughput,Customizable solution-oriented knowledge user,Purple
713,product,Cloned next generation parallelism,Indigo
714,intermediate,Visionary secondary encoding,Yellow
715,global,Right-sized bifurcated software,Puce
716,systemic,Assimilated methodical framework,Orange
717,encryption,Adaptive tertiary alliance,Goldenrod
718,User-friendly,Enterprise-wide bandwidth-monitored hub,Aquamarine
719,open system,Sharable dedicated help-desk,Red
720,Proactive,Reduced systemic toolset,Violet
721,access,Digitized systematic encryption,Yellow
722,Total,User-centric needs-based synergy,Yellow
723,flexibility,Synchronised context-sensitive application,Mauv
724,asymmetric,Stand-alone transitional Graphical User Interface,Purple
725,cohesive,Innovative bi-directional data-warehouse,Turquoise
726,asynchronous,Synergistic bifurcated artificial intelligence,Red
727,core,Optimized clear-thinking frame,Maroon
728,success,Optimized multi-state extranet,Puce
729,Customizable,Universal systemic customer loyalty,Goldenrod
730,zero administration,Business-focused discrete budgetary management,Red
731,regional,Multi-channelled directional matrices,Aquamarine
732,concept,Ameliorated 6th generation database,Fuscia
733,multimedia,Reverse-engineered methodical framework,Fuscia
734,well-modulated,Total real-time methodology,Indigo
735,actuating,Team-oriented web-enabled analyzer,Fuscia
736,Phased,Decentralized didactic matrix,Violet
737,application,Visionary multi-tasking archive,Blue
738,Networked,Fully-configurable zero administration knowledge user,Turquoise
739,multi-state,Networked zero administration conglomeration,Teal
740,application,Fully-configurable 6th generation archive,Orange
741,methodical,Distributed systematic secured line,Green
742,reciprocal,User-centric context-sensitive complexity,Orange
743,standardization,Horizontal cohesive website,Blue
744,mission-critical,Assimilated value-added info-mediaries,Blue
745,emulation,Multi-layered even-keeled application,Orange
746,Cloned,Mandatory dynamic hardware,Blue
747,asynchronous,Assimilated contextually-based data-warehouse,Mauv
748,Sharable,Multi-lateral system-worthy function,Blue
749,regional,Intuitive full-range emulation,Violet
750,toolset,Balanced full-range portal,Yellow
751,projection,Sharable high-level moratorium,Yellow
752,pricing structure,Total systemic success,Crimson
753,Re-engineered,Synergistic 24/7 Graphic Interface,Violet
754,empowering,Profound transitional strategy,Goldenrod
755,hardware,Automated 3rd generation structure,Violet
756,maximized,Persistent system-worthy paradigm,Mauv
757,encryption,Proactive discrete approach,Blue
758,disintermediate,Mandatory bifurcated orchestration,Green
759,heuristic,Multi-layered optimal concept,Teal
760,secondary,Profit-focused client-driven policy,Aquamarine
761,human-resource,Total bandwidth-monitored pricing structure,Green
762,website,Right-sized solution-oriented installation,Indigo
763,Optimized,Devolved global matrix,Mauv
764,Persevering,Right-sized client-driven methodology,Teal
765,clear-thinking,Reverse-engineered asymmetric success,Goldenrod
766,Front-line,Fully-configurable analyzing data-warehouse,Blue
767,intranet,Secured motivating superstructure,Violet
768,Synergistic,Polarised bottom-line frame,Purple
769,intermediate,Quality-focused methodical array,Violet
770,Triple-buffered,Robust neutral forecast,Fuscia
771,intranet,Polarised interactive encryption,Puce
772,5th generation,Cloned 5th generation contingency,Yellow
773,eco-centric,Multi-channelled logistical secured line,Purple
774,Object-based,Reverse-engineered eco-centric structure,Teal
775,Progressive,Profound secondary toolset,Teal
776,process improvement,Adaptive 24/7 moratorium,Aquamarine
777,Re-contextualized,Future-proofed bottom-line protocol,Mauv
778,system-worthy,Right-sized bottom-line toolset,Khaki
779,budgetary management,Reactive radical implementation,Green
780,intermediate,Seamless responsive throughput,Aquamarine
781,hub,Ameliorated context-sensitive moderator,Aquamarine
782,emulation,Persevering real-time product,Yellow
783,adapter,Digitized scalable array,Indigo
784,application,Inverse foreground customer loyalty,Goldenrod
785,Mandatory,Phased static circuit,Mauv
786,non-volatile,Function-based encompassing local area network,Orange
787,coherent,Implemented even-keeled task-force,Turquoise
788,executive,Function-based interactive ability,Indigo
789,secondary,Inverse mission-critical superstructure,Crimson
790,static,Phased mission-critical collaboration,Blue
791,Vision-oriented,Fundamental clear-thinking installation,Fuscia
792,framework,Triple-buffered executive infrastructure,Fuscia
793,Progressive,De-engineered homogeneous pricing structure,Aquamarine
794,help-desk,Implemented coherent concept,Teal
795,solution,Right-sized reciprocal attitude,Mauv
796,complexity,Phased value-added flexibility,Aquamarine
797,Monitored,Ameliorated motivating algorithm,Purple
798,Multi-lateral,Advanced discrete Graphic Interface,Violet
799,success,Enhanced bandwidth-monitored product,Puce
800,tangible,Open-source zero tolerance approach,Pink
801,conglomeration,Fully-configurable actuating data-warehouse,Yellow
802,impactful,Advanced tangible function,Mauv
803,synergy,Enterprise-wide cohesive protocol,Puce
804,Graphical User Interface,Enterprise-wide fresh-thinking benchmark,Green
805,coherent,Reduced web-enabled structure,Fuscia
806,zero defect,Versatile composite migration,Purple
807,maximized,Profit-focused asynchronous focus group,Turquoise
808,Programmable,Customer-focused tertiary attitude,Violet
809,3rd generation,Optimized systematic budgetary management,Maroon
810,budgetary management,Cross-platform bottom-line hierarchy,Puce
811,solution-oriented,Total explicit leverage,Turquoise
812,actuating,Progressive client-server policy,Purple
813,zero tolerance,Switchable multi-tasking complexity,Red
814,Re-engineered,Managed multimedia approach,Aquamarine
815,24/7,Synergistic system-worthy matrices,Blue
816,non-volatile,Cross-platform attitude-oriented budgetary management,Indigo
817,Object-based,Open-architected bi-directional leverage,Maroon
818,attitude,Persistent human-resource array,Green
819,capacity,Persevering multi-tasking parallelism,Red
820,monitoring,Profit-focused full-range leverage,Puce
821,cohesive,Function-based even-keeled solution,Puce
822,Quality-focused,Fundamental system-worthy service-desk,Teal
823,Expanded,Profound impactful architecture,Goldenrod
824,Visionary,Organized cohesive internet solution,Turquoise
825,leading edge,Cross-platform responsive infrastructure,Yellow
826,implementation,Progressive mobile neural-net,Crimson
827,Integrated,Open-source context-sensitive moratorium,Goldenrod
828,Stand-alone,Grass-roots intermediate policy,Khaki
829,policy,Ergonomic interactive system engine,Fuscia
830,capacity,Decentralized next generation encoding,Turquoise
831,solution,Diverse mobile installation,Indigo
832,Exclusive,Streamlined well-modulated function,Maroon
833,policy,Extended national forecast,Maroon
834,Realigned,Face to face 24 hour system engine,Mauv
835,multi-tasking,Reduced stable intranet,Green
836,analyzer,User-centric contextually-based projection,Maroon
837,User-friendly,User-friendly hybrid capacity,Pink
838,Customer-focused,Multi-tiered asynchronous productivity,Turquoise
839,throughput,Organized disintermediate orchestration,Maroon
840,24 hour,Extended hybrid extranet,Teal
841,scalable,Realigned context-sensitive middleware,Maroon
842,methodical,Universal fault-tolerant internet solution,Fuscia
843,Open-architected,Distributed eco-centric frame,Turquoise
844,Switchable,Team-oriented well-modulated methodology,Violet
845,foreground,Visionary empowering toolset,Fuscia
846,Proactive,Customizable dedicated benchmark,Orange
847,frame,Front-line object-oriented product,Indigo
848,Down-sized,Front-line national focus group,Goldenrod
849,Enhanced,Object-based encompassing core,Aquamarine
850,strategy,Progressive value-added collaboration,Red
851,fault-tolerant,Vision-oriented fresh-thinking framework,Violet
852,didactic,Networked global definition,Fuscia
853,Compatible,Synergistic contextually-based moderator,Green
854,challenge,Customizable tangible definition,Fuscia
855,secured line,Networked zero tolerance project,Red
856,methodology,Assimilated 4th generation capacity,Teal
857,human-resource,Organized scalable structure,Mauv
858,moratorium,Open-source homogeneous customer loyalty,Aquamarine
859,client-server,Polarised context-sensitive software,Red
860,Switchable,Synergistic web-enabled focus group,Aquamarine
861,system engine,User-centric value-added benchmark,Crimson
862,workforce,Exclusive maximized help-desk,Turquoise
863,Object-based,Ameliorated multimedia core,Violet
864,interface,Multi-lateral content-based conglomeration,Yellow
865,Total,Open-architected mobile flexibility,Blue
866,Face to face,Seamless heuristic solution,Yellow
867,access,Intuitive system-worthy hardware,Mauv
868,dynamic,Balanced even-keeled leverage,Crimson
869,full-range,Distributed static utilisation,Yellow
870,Automated,Persevering eco-centric toolset,Teal
871,background,Automated well-modulated Graphic Interface,Red
872,superstructure,Implemented mission-critical attitude,Fuscia
873,Persevering,Polarised mission-critical algorithm,Fuscia
874,bandwidth-monitored,Networked background array,Goldenrod
875,cohesive,Reactive transitional initiative,Violet
876,paradigm,Ergonomic local budgetary management,Khaki
877,systematic,Organized real-time software,Crimson
878,success,Synchronised tangible model,Yellow
879,modular,Virtual secondary emulation,Puce
880,Integrated,Extended high-level productivity,Yellow
881,strategy,Multi-layered foreground approach,Blue
882,Configurable,User-friendly foreground process improvement,Orange
883,ability,Profound impactful help-desk,Aquamarine
884,budgetary management,Cloned multi-tasking toolset,Orange
885,benchmark,User-centric stable knowledge base,Green
886,Stand-alone,Reduced zero administration knowledge user,Fuscia
887,process improvement,Pre-emptive eco-centric portal,Aquamarine
888,Persevering,Cloned discrete encoding,Yellow
889,flexibility,Team-oriented value-added internet solution,Yellow
890,hub,Extended fresh-thinking forecast,Indigo
891,coherent,Implemented secondary capability,Indigo
892,Stand-alone,Cloned interactive throughput,Khaki
893,Cloned,Triple-buffered incremental intranet,Green
894,tertiary,Sharable hybrid model,Yellow
895,productivity,Ergonomic national concept,Teal
896,help-desk,De-engineered well-modulated utilisation,Orange
897,next generation,User-centric heuristic capability,Puce
898,systemic,Re-engineered interactive concept,Violet
899,internet solution,Customer-focused maximized architecture,Turquoise
900,Centralized,Object-based next generation collaboration,Aquamarine
901,service-desk,Persistent contextually-based core,Crimson
902,standardization,Configurable non-volatile policy,Pink
903,adapter,Horizontal real-time synergy,Khaki
904,analyzer,Fundamental cohesive framework,Fuscia
905,knowledge base,Multi-lateral scalable success,Pink
906,support,Focused intermediate archive,Mauv
907,Expanded,Expanded even-keeled concept,Mauv
908,artificial intelligence,Balanced even-keeled monitoring,Yellow
909,artificial intelligence,Persistent fault-tolerant firmware,Khaki
910,conglomeration,Realigned analyzing task-force,Teal
911,Reverse-engineered,Open-architected mobile archive,Maroon
912,solution,Face to face object-oriented instruction set,Violet
913,functionalities,User-centric asymmetric capacity,Puce
914,zero administration,Ergonomic intermediate moderator,Blue
915,Future-proofed,Mandatory explicit synergy,Aquamarine
916,discrete,Universal static protocol,Puce
917,demand-driven,Reactive dedicated process improvement,Maroon
918,throughput,Synergistic client-server archive,Teal
919,internet solution,Quality-focused tangible workforce,Crimson
920,Distributed,Sharable real-time internet solution,Yellow
921,discrete,Adaptive background utilisation,Maroon
922,optimal,Reduced methodical time-frame,Orange
923,Persistent,Front-line responsive internet solution,Khaki
924,needs-based,Reactive national support,Goldenrod
925,maximized,Centralized bi-directional migration,Green
926,artificial intelligence,Team-oriented asynchronous methodology,Maroon
927,Team-oriented,Distributed disintermediate methodology,Violet
928,multimedia,De-engineered solution-oriented toolset,Teal
929,Multi-tiered,Inverse mobile benchmark,Red
930,array,Distributed tangible initiative,Crimson
931,uniform,Synergistic bottom-line structure,Puce
932,demand-driven,Digitized local paradigm,Puce
933,Streamlined,Ergonomic 6th generation structure,Maroon
934,utilisation,Profit-focused didactic concept,Blue
935,tertiary,Ergonomic incremental attitude,Fuscia
936,holistic,Distributed 24/7 ability,Orange
937,ability,Enhanced local structure,Crimson
938,Digitized,Organic optimal analyzer,Crimson
939,directional,Synergistic context-sensitive functionalities,Mauv
940,User-centric,Universal didactic hub,Green
941,Fundamental,Streamlined background groupware,Yellow
942,contingency,Versatile explicit policy,Fuscia
943,challenge,Assimilated stable focus group,Puce
944,middleware,Reactive context-sensitive infrastructure,Fuscia
945,national,Reverse-engineered transitional architecture,Violet
946,flexibility,Robust demand-driven open architecture,Mauv
947,Virtual,Devolved heuristic artificial intelligence,Puce
948,optimal,Polarised interactive instruction set,Orange
949,Integrated,Up-sized modular superstructure,Khaki
950,Switchable,Re-engineered systematic website,Turquoise
951,Implemented,Multi-layered multi-state project,Indigo
952,Fundamental,Enterprise-wide bifurcated projection,Aquamarine
953,Operative,Future-proofed client-driven forecast,Teal
954,Polarised,Distributed regional hub,Turquoise
955,knowledge user,Mandatory systemic toolset,Green
956,incremental,Synergistic reciprocal support,Orange
957,mobile,Realigned 24 hour methodology,Maroon
958,Proactive,Profit-focused value-added moratorium,Pink
959,time-frame,Managed uniform alliance,Green
960,policy,Horizontal foreground strategy,Yellow
961,Devolved,Proactive homogeneous approach,Turquoise
962,Implemented,Enterprise-wide uniform throughput,Khaki
963,open architecture,Devolved holistic artificial intelligence,Pink
964,tertiary,Future-proofed clear-thinking model,Aquamarine
965,orchestration,Re-contextualized asynchronous intranet,Violet
966,optimal,Vision-oriented encompassing parallelism,Purple
967,multi-state,Quality-focused stable process improvement,Aquamarine
968,analyzing,Devolved impactful analyzer,Mauv
969,Innovative,De-engineered dedicated array,Turquoise
970,motivating,User-friendly system-worthy function,Red
971,capability,Re-engineered reciprocal time-frame,Crimson
972,directional,Optional object-oriented extranet,Crimson
973,empowering,Innovative dynamic paradigm,Mauv
974,superstructure,Function-based responsive groupware,Yellow
975,optimal,Intuitive contextually-based conglomeration,Indigo
976,matrix,Vision-oriented grid-enabled adapter,Orange
977,Triple-buffered,Programmable tertiary policy,Goldenrod
978,Open-source,Future-proofed methodical collaboration,Blue
979,productivity,Persevering local focus group,Khaki
980,holistic,Enhanced asymmetric standardization,Maroon
981,Advanced,Object-based interactive capacity,Puce
982,archive,Switchable multimedia focus group,Goldenrod
983,multimedia,Digitized zero administration pricing structure,Indigo
984,non-volatile,Function-based impactful implementation,Turquoise
985,Multi-layered,Multi-lateral scalable capability,Crimson
986,methodology,Realigned content-based extranet,Aquamarine
987,optimizing,Intuitive attitude-oriented data-warehouse,Green
988,firmware,Multi-lateral object-oriented core,Pink
989,cohesive,Digitized asymmetric forecast,Red
990,Business-focused,Versatile disintermediate policy,Pink
991,extranet,Phased non-volatile algorithm,Crimson
992,forecast,Reverse-engineered responsive algorithm,Purple
993,real-time,Up-sized 5th generation product,Crimson
994,pricing structure,Front-line high-level moratorium,Maroon
995,methodology,De-engineered transitional parallelism,Khaki
996,bottom-line,Visionary multi-tasking infrastructure,Red
997,Polarised,Upgradable radical pricing structure,Violet
998,application,Reduced responsive parallelism,Turquoise
999,pricing structure,Configurable impactful solution,Goldenrod
1000,bottom-line,Universal static methodology,Yellow
