id,first_name,last_name,email,gender,time,amount
1,Sonny,Bosch,sbosch0@bandcamp.com,Female,2022-06-03,$227.10
2,Kirstyn,Clethro,kclethro1@tmall.com,Female,2022-08-18,$664.30
3,Kylen,Gounard,kgounard2@t-online.de,Female,2022-04-04,$884.63
4,Kevina,Orum,korum3@abc.net.au,Female,2021-11-11,$292.04
5,Rickert,Brophy,rbrophy4@delicious.com,Male,2022-05-10,$198.11
6,Steve,Ellsom,sellsom5@buzzfeed.com,Male,2022-04-28,$871.55
7,Martha,Boynes,mboynes6@addtoany.com,Female,2022-02-21,$507.33
8,Nola,Howel,nhowel7@myspace.com,Female,2022-02-27,$33.10
9,Aile,Bampkin,abampkin8@wufoo.com,Female,2022-05-14,$478.25
10,Robb,Attenbrow,rattenbrow9@youku.com,Male,2022-06-18,$846.73
11,Emmet,Dispencer,edispencera@hud.gov,Male,2022-05-20,$667.98
12,Cecilla,Weathey,cweatheyb@is.gd,Female,2022-03-02,$20.70
13,Noach,Gimbrett,ngimbrettc@ow.ly,Male,2022-05-18,$717.10
14,Jasun,Kloska,jkloskad@blog.com,Non-binary,2022-06-08,$21.19
15,Brandie,Glowacki,bglowackie@irs.gov,Female,2022-07-09,$516.79
16,Nancey,Ranby,nranbyf@blog.com,Female,2022-04-01,$803.32
17,Louise,Jewess,ljewessg@youku.com,Female,2022-03-10,$473.92
18,Chaunce,Kittel,ckittelh@netvibes.com,Male,2022-07-10,$716.87
19,Farah,Knibley,fknibleyi@techcrunch.com,Female,2022-10-29,$709.06
20,Micheal,Raistrick,mraistrickj@wunderground.com,Male,2022-04-21,$837.61
21,Lorraine,Finlaison,lfinlaisonk@dropbox.com,Female,2022-10-08,$492.65
22,Daryl,Tollemache,dtollemachel@quantcast.com,Male,2021-12-18,$60.06
23,Debor,Stapforth,dstapforthm@sciencedaily.com,Female,2022-06-24,$860.33
24,Trumaine,Hatherleigh,thatherleighn@cam.ac.uk,Male,2022-03-25,$73.91
25,Judah,Matveichev,jmatveichevo@wordpress.org,Male,2022-05-20,$838.58
26,Belinda,Genney,bgenneyp@joomla.org,Female,2022-05-19,$598.61
27,Base,Flockhart,bflockhartq@sourceforge.net,Male,2022-06-24,$718.47
28,Dolores,Robertot,drobertotr@senate.gov,Female,2021-11-30,$476.17
29,Kellsie,Pilipyak,kpilipyaks@slideshare.net,Female,2022-07-27,$245.18
30,Graig,Rushmer,grushmert@mashable.com,Male,2022-09-30,$884.09
31,Eliot,Vallack,evallacku@github.io,Male,2022-03-03,$651.34
32,Josias,McEwan,jmcewanv@weebly.com,Male,2021-11-14,$722.40
33,Dniren,Tebald,dtebaldw@yelp.com,Female,2022-02-05,$251.94
34,Raymund,Quarterman,rquartermanx@home.pl,Male,2022-10-01,$192.74
35,Brande,Hatter,bhattery@ucoz.ru,Female,2021-12-11,$290.53
36,Carin,Skakunas,cskakunasz@github.com,Genderfluid,2022-05-14,$442.61
37,Bette-ann,McGiffie,bmcgiffie10@wufoo.com,Female,2022-10-17,$626.77
38,Ross,Chapiro,rchapiro11@state.gov,Male,2021-11-27,$822.25
39,Gavin,Pakenham,gpakenham12@netlog.com,Male,2022-04-11,$538.61
40,Shayne,Ambler,sambler13@nbcnews.com,Female,2022-06-26,$464.20
41,Gonzalo,Serraillier,gserraillier14@sitemeter.com,Male,2022-10-03,$536.52
42,Danie,Do Rosario,ddorosario15@mapquest.com,Agender,2022-03-30,$67.67
43,Tracee,Scrowton,tscrowton16@instagram.com,Female,2022-09-09,$738.59
44,Kaylil,Slinn,kslinn17@latimes.com,Female,2022-01-28,$522.91
45,Orsola,Mattedi,omattedi18@dell.com,Female,2021-12-20,$276.86
46,Kitti,Foulsham,kfoulsham19@posterous.com,Female,2021-12-23,$391.22
47,Zebulon,Cullum,zcullum1a@yolasite.com,Genderfluid,2021-12-06,$39.67
48,Reece,Melley,rmelley1b@sciencedaily.com,Male,2022-08-17,$461.78
49,Laney,Eburah,leburah1c@imageshack.us,Male,2022-01-31,$803.33
50,Ann-marie,Stillmann,astillmann1d@mediafire.com,Female,2021-11-03,$483.88
51,Clayborn,Banbridge,cbanbridge1e@pcworld.com,Male,2022-01-05,$792.13
52,Timofei,Kerrod,tkerrod1f@boston.com,Male,2022-02-27,$515.86
53,Dannie,Sieghard,dsieghard1g@gnu.org,Male,2022-07-31,$243.88
54,Fremont,Marusic,fmarusic1h@gov.uk,Male,2022-03-04,$357.94
55,Consuelo,Berni,cberni1i@cargocollective.com,Female,2022-05-07,$294.12
56,Frederik,Jestico,fjestico1j@scribd.com,Male,2022-04-25,$479.88
57,Mal,Parsisson,mparsisson1k@goo.ne.jp,Male,2022-02-28,$458.42
58,Teresina,Danielsohn,tdanielsohn1l@symantec.com,Female,2022-03-26,$138.40
59,Gorden,Van Dale,gvandale1m@illinois.edu,Male,2021-12-13,$605.98
60,Elsinore,Spensley,espensley1n@salon.com,Female,2022-09-25,$511.54
61,Max,Coupland,mcoupland1o@ezinearticles.com,Male,2022-10-31,$166.25
62,Glenden,Henstridge,ghenstridge1p@imdb.com,Male,2022-02-01,$825.16
63,Ellsworth,Babbidge,ebabbidge1q@disqus.com,Male,2022-10-07,$373.61
64,Lester,Beresford,lberesford1r@amazonaws.com,Male,2022-03-06,$629.25
65,Gery,Vanyatin,gvanyatin1s@boston.com,Male,2022-08-08,$572.90
66,Wendi,Marcus,wmarcus1t@yolasite.com,Female,2022-06-12,$866.50
67,Rex,Schollick,rschollick1u@diigo.com,Male,2022-03-24,$312.67
68,Phillipe,Eggins,peggins1v@imdb.com,Male,2021-12-25,$612.85
69,Sullivan,Duguid,sduguid1w@themeforest.net,Male,2022-03-03,$249.07
70,Lothaire,Witnall,lwitnall1x@blogger.com,Male,2022-06-13,$755.59
71,Andrei,Redfearn,aredfearn1y@latimes.com,Female,2022-01-03,$41.16
72,Johnna,Gonzalez,jgonzalez1z@indiegogo.com,Female,2022-07-02,$80.02
73,Josephine,Glacken,jglacken20@businesswire.com,Bigender,2022-10-24,$222.37
74,Harmon,Mainson,hmainson21@goo.gl,Male,2022-09-12,$397.33
75,Ricoriki,Muehle,rmuehle22@ted.com,Male,2022-03-05,$509.15
76,Oliviero,Saddington,osaddington23@tinyurl.com,Male,2022-05-26,$191.09
77,Andras,Draaisma,adraaisma24@usnews.com,Male,2022-01-19,$11.18
78,Sidonnie,Lean,slean25@yellowpages.com,Female,2022-04-18,$370.72
79,Percival,Fulk,pfulk26@google.com.br,Male,2022-08-31,$771.76
80,Correy,Duligall,cduligall27@hibu.com,Male,2022-05-11,$366.83
81,Darrell,Searchwell,dsearchwell28@arstechnica.com,Genderfluid,2022-02-25,$111.62
82,Currey,Guess,cguess29@cisco.com,Male,2022-04-19,$273.80
83,Germaine,Dwelly,gdwelly2a@nyu.edu,Male,2021-11-30,$249.02
84,Rufe,Larkins,rlarkins2b@google.com.hk,Male,2022-07-06,$37.76
85,Blinni,Whiteoak,bwhiteoak2c@about.com,Female,2022-06-12,$577.84
86,Ingmar,Traviss,itraviss2d@indiegogo.com,Male,2021-11-17,$752.13
87,Sandy,Summerscales,ssummerscales2e@360.cn,Genderqueer,2022-04-15,$887.85
88,Claudelle,Fallowes,cfallowes2f@github.com,Female,2022-04-11,$247.04
89,Kahlil,Hannaford,khannaford2g@vimeo.com,Genderfluid,2022-01-28,$882.14
90,Marabel,MacKaile,mmackaile2h@newsvine.com,Genderqueer,2022-07-31,$819.27
91,Floria,Byne,fbyne2i@biblegateway.com,Female,2022-10-01,$137.41
92,Randall,Jeanin,rjeanin2j@reference.com,Male,2022-01-18,$637.31
93,Prescott,Ubsdale,pubsdale2k@buzzfeed.com,Male,2022-06-04,$880.56
94,Cirstoforo,Rolland,crolland2l@spotify.com,Male,2021-12-14,$538.21
95,Pavel,Yanne,pyanne2m@gmpg.org,Male,2021-11-23,$224.81
96,Aaren,Blofield,ablofield2n@upenn.edu,Female,2021-11-03,$509.19
97,Wayland,Hollidge,whollidge2o@pinterest.com,Male,2022-09-19,$873.13
98,Lanita,Kliement,lkliement2p@princeton.edu,Female,2022-07-02,$293.00
99,Hunter,Tunnow,htunnow2q@issuu.com,Male,2022-04-28,$387.48
100,Lorianne,Greenhead,lgreenhead2r@sitemeter.com,Female,2022-09-30,$24.46
101,Yule,Shackesby,yshackesby2s@engadget.com,Male,2022-04-10,$669.95
102,Eadmund,Brahm,ebrahm2t@exblog.jp,Male,2022-01-14,$101.26
103,Christie,Cuncarr,ccuncarr2u@123-reg.co.uk,Female,2022-08-03,$39.55
104,Prentice,Ansteys,pansteys2v@mtv.com,Genderqueer,2022-09-21,$295.37
105,Gasparo,Pakenham,gpakenham2w@mail.ru,Male,2021-12-07,$203.63
106,Lotte,Hindge,lhindge2x@ucoz.ru,Bigender,2021-11-29,$241.25
107,Kore,Rubinfeld,krubinfeld2y@arstechnica.com,Female,2021-12-05,$588.93
108,Christophorus,Lathwood,clathwood2z@123-reg.co.uk,Male,2022-04-07,$667.05
109,Lanni,Westcot,lwestcot30@dmoz.org,Female,2022-07-26,$159.62
110,Iormina,Rudland,irudland31@alexa.com,Female,2022-03-22,$644.54
111,Zandra,Craxford,zcraxford32@symantec.com,Female,2022-02-02,$313.90
112,My,Seviour,mseviour33@loc.gov,Male,2022-04-18,$480.26
113,Red,Hebbs,rhebbs34@ocn.ne.jp,Male,2022-10-21,$663.58
114,Elihu,O'Heaney,eoheaney35@woothemes.com,Male,2022-06-12,$868.76
115,Akim,Bellin,abellin36@sitemeter.com,Male,2022-08-03,$294.19
116,Brunhilda,Openshaw,bopenshaw37@elegantthemes.com,Female,2022-08-26,$121.38
117,Edith,Bompas,ebompas38@dailymotion.com,Female,2022-09-04,$800.87
118,Cletis,Rickaert,crickaert39@spotify.com,Male,2022-03-16,$237.55
119,Miller,Davidsen,mdavidsen3a@discovery.com,Male,2022-05-18,$39.05
120,Edmon,McCurtain,emccurtain3b@businesswire.com,Male,2022-05-05,$373.18
121,Tab,Herreran,therreran3c@comsenz.com,Male,2022-08-11,$435.58
122,Olivie,Scholling,oscholling3d@noaa.gov,Female,2022-02-03,$149.53
123,Adolphe,McAllester,amcallester3e@nyu.edu,Male,2022-06-17,$396.52
124,Aubert,Botha,abotha3f@paypal.com,Male,2022-01-04,$557.92
125,Katy,Hanney,khanney3g@elpais.com,Female,2022-09-09,$398.31
126,Carlin,Perocci,cperocci3h@patch.com,Male,2022-02-24,$676.68
127,Jourdain,Folling,jfolling3i@ftc.gov,Male,2021-12-15,$504.38
128,Carny,Heatherington,cheatherington3j@admin.ch,Male,2022-07-22,$510.12
129,Clotilda,Werndly,cwerndly3k@google.cn,Female,2022-09-02,$589.54
130,Killie,Bemlott,kbemlott3l@privacy.gov.au,Male,2022-07-05,$736.21
131,Chandler,Larive,clarive3m@yandex.ru,Male,2022-07-10,$237.03
132,Kyle,Children,kchildren3n@hc360.com,Female,2022-01-20,$346.76
133,Mireielle,Fidgeon,mfidgeon3o@sohu.com,Agender,2022-01-28,$189.57
134,Thibaut,Haskell,thaskell3p@ocn.ne.jp,Male,2022-06-30,$397.34
135,Lewie,Blenkinship,lblenkinship3q@house.gov,Male,2022-07-19,$214.10
136,Pasquale,Linskill,plinskill3r@ucoz.ru,Male,2022-01-29,$392.64
137,Monty,McNea,mmcnea3s@acquirethisname.com,Male,2022-02-18,$853.50
138,Tamera,Spiller,tspiller3t@discuz.net,Female,2022-07-24,$152.13
139,Darlleen,Huncote,dhuncote3u@harvard.edu,Female,2021-11-10,$655.26
140,Loreen,Bowdler,lbowdler3v@flickr.com,Female,2022-08-04,$243.26
141,Germain,Beades,gbeades3w@shareasale.com,Male,2022-06-15,$870.35
142,Stacee,Edwards,sedwards3x@i2i.jp,Female,2021-11-18,$641.66
143,Emera,Seaking,eseaking3y@discovery.com,Female,2022-03-15,$216.55
144,Alistair,Yerrell,ayerrell3z@mapquest.com,Male,2022-03-20,$629.42
145,Christel,Wickham,cwickham40@sfgate.com,Female,2022-07-14,$34.68
146,Genevieve,Rosin,grosin41@admin.ch,Female,2022-09-01,$133.48
147,Grover,Casaro,gcasaro42@discovery.com,Male,2021-12-25,$174.39
148,Beryl,Frampton,bframpton43@rakuten.co.jp,Female,2022-07-26,$150.85
149,Jasmin,Carnegie,jcarnegie44@cmu.edu,Female,2022-09-05,$36.12
150,Nicola,Ollis,nollis45@free.fr,Male,2022-06-02,$602.27
151,Pauletta,Brew,pbrew46@theguardian.com,Female,2022-02-06,$376.73
152,Tab,Brydon,tbrydon47@wisc.edu,Male,2022-04-01,$106.85
153,Marylynne,McJerrow,mmcjerrow48@state.tx.us,Female,2022-06-16,$51.04
154,Olympie,Haworth,ohaworth49@umn.edu,Female,2022-03-17,$104.29
155,Gunther,Dowdall,gdowdall4a@linkedin.com,Non-binary,2022-02-04,$177.83
156,Tab,O'Fallone,tofallone4b@quantcast.com,Male,2022-08-30,$157.52
157,Ottilie,Farlowe,ofarlowe4c@icio.us,Female,2021-12-02,$413.41
158,Krisha,Breach,kbreach4d@ucoz.ru,Polygender,2021-11-12,$592.53
159,Gwenni,Bentke,gbentke4e@altervista.org,Female,2022-06-16,$139.71
160,Mead,Bellward,mbellward4f@npr.org,Male,2022-07-20,$496.42
161,Haleigh,Keemer,hkeemer4g@hp.com,Female,2022-02-04,$637.92
162,Claudelle,Zammitt,czammitt4h@mozilla.com,Female,2022-09-20,$92.21
163,Emmanuel,Mac Giolla Pheadair,emacgiollapheadair4i@bigcartel.com,Male,2022-07-17,$430.18
164,Willard,Dootson,wdootson4j@vk.com,Male,2022-08-25,$379.50
165,Darby,Grigoire,dgrigoire4k@theglobeandmail.com,Female,2022-05-28,$853.40
166,Maisie,Schall,mschall4l@omniture.com,Female,2022-10-28,$241.57
167,Kirstin,Chadd,kchadd4m@google.cn,Polygender,2022-01-11,$532.29
168,Aland,Abdy,aabdy4n@google.fr,Male,2022-01-08,$884.64
169,Reinwald,Giampietro,rgiampietro4o@amazon.de,Male,2022-08-05,$775.00
170,Errick,Ewebank,eewebank4p@webeden.co.uk,Bigender,2022-05-26,$779.68
171,Terrel,Simecek,tsimecek4q@economist.com,Male,2022-05-28,$650.00
172,Karolina,Bonass,kbonass4r@t.co,Female,2022-08-21,$340.78
173,Camey,Loach,cloach4s@amazon.com,Male,2022-03-05,$690.46
174,Agatha,Furlow,afurlow4t@yolasite.com,Female,2022-08-17,$826.62
175,Gustav,McCollum,gmccollum4u@uol.com.br,Male,2022-09-27,$878.75
176,Hunter,Cissell,hcissell4v@bloglines.com,Male,2022-05-13,$378.72
177,Patrizius,McDunlevy,pmcdunlevy4w@youtube.com,Male,2022-07-10,$150.38
178,Isaak,Mitchiner,imitchiner4x@noaa.gov,Male,2022-10-17,$218.67
179,Matty,Sille,msille4y@jigsy.com,Male,2022-08-13,$363.92
180,Janet,Baughan,jbaughan4z@symantec.com,Female,2022-08-08,$340.89
181,Jamie,Libby,jlibby50@sciencedirect.com,Female,2022-02-22,$231.19
182,Stavros,Brambill,sbrambill51@va.gov,Male,2022-04-29,$735.45
183,Krista,Atling,katling52@cisco.com,Female,2022-06-11,$266.04
184,Dennet,Slocum,dslocum53@1688.com,Male,2022-04-25,$344.08
185,Karon,Regenhardt,kregenhardt54@csmonitor.com,Female,2022-04-06,$120.88
186,Anneliese,Maly,amaly55@devhub.com,Female,2022-05-08,$788.92
187,Emilee,Gribble,egribble56@posterous.com,Female,2021-12-26,$582.05
188,Klaus,Cobon,kcobon57@upenn.edu,Male,2021-12-18,$588.23
189,Trueman,Daffey,tdaffey58@hugedomains.com,Male,2022-08-10,$86.31
190,Jodi,Pittock,jpittock59@shareasale.com,Male,2022-07-23,$231.85
191,Guthrey,Fynn,gfynn5a@buzzfeed.com,Male,2022-04-22,$456.89
192,Zack,Fearey,zfearey5b@booking.com,Male,2022-08-02,$640.02
193,Josee,Pratton,jpratton5c@boston.com,Female,2022-09-18,$620.10
194,Stormy,Claesens,sclaesens5d@pcworld.com,Female,2022-02-28,$73.04
195,Chloette,Tomblin,ctomblin5e@nbcnews.com,Female,2022-10-02,$238.06
196,Renaud,Pearcy,rpearcy5f@google.com.hk,Male,2021-12-03,$694.20
197,Bret,Choffin,bchoffin5g@japanpost.jp,Male,2022-03-24,$84.49
198,Aleen,Caldeyroux,acaldeyroux5h@adobe.com,Female,2022-02-04,$192.35
199,Bancroft,Woolen,bwoolen5i@slate.com,Male,2022-02-12,$739.72
200,Mason,Vautrey,mvautrey5j@washingtonpost.com,Male,2022-05-21,$234.98
201,Gleda,Suston,gsuston5k@miitbeian.gov.cn,Female,2021-12-27,$543.83
202,Thornie,Standall,tstandall5l@unesco.org,Male,2022-07-16,$368.75
203,Muffin,Keepence,mkeepence5m@ftc.gov,Male,2022-10-18,$769.55
204,Shantee,Kiehne,skiehne5n@un.org,Female,2022-04-06,$699.48
205,Tasia,Beattie,tbeattie5o@networkadvertising.org,Female,2021-12-08,$837.48
206,Tyson,Ridge,tridge5p@ustream.tv,Male,2022-08-05,$129.86
207,Melodee,Nock,mnock5q@vistaprint.com,Female,2022-08-17,$676.41
208,Novelia,Panchen,npanchen5r@dedecms.com,Female,2022-03-15,$708.32
209,Vivienne,Nijs,vnijs5s@arizona.edu,Female,2021-12-09,$453.47
210,Teresa,Leadstone,tleadstone5t@yellowbook.com,Female,2022-10-03,$498.25
211,Vernen,Ridler,vridler5u@cbsnews.com,Male,2022-07-03,$647.24
212,Faythe,Griffoen,fgriffoen5v@wiley.com,Female,2021-12-07,$283.97
213,Jamie,Pagram,jpagram5w@salon.com,Female,2021-12-13,$882.01
214,Cairistiona,Cuttin,ccuttin5x@yellowpages.com,Female,2022-02-02,$896.22
215,Minnaminnie,Ellsbury,mellsbury5y@joomla.org,Female,2022-10-26,$729.34
216,Xenos,Bartosiak,xbartosiak5z@skyrock.com,Male,2022-01-09,$547.33
217,Warner,Taylor,wtaylor60@goo.ne.jp,Male,2022-09-15,$864.18
218,Torie,Drydale,tdrydale61@si.edu,Female,2021-11-21,$158.27
219,Marylynne,Matyja,mmatyja62@lycos.com,Female,2022-04-19,$540.15
220,Jandy,Guppey,jguppey63@netscape.com,Female,2022-10-10,$174.91
221,Eloisa,Torfin,etorfin64@phoca.cz,Female,2022-03-05,$760.69
222,Doralynn,Witherden,dwitherden65@blogger.com,Female,2022-05-14,$175.77
223,Lizbeth,Avrahm,lavrahm66@npr.org,Female,2022-01-22,$876.83
224,Lemuel,Phidgin,lphidgin67@csmonitor.com,Male,2021-12-02,$80.48
225,Roi,Maun,rmaun68@ow.ly,Male,2022-04-30,$556.26
226,Miles,Sturdey,msturdey69@state.gov,Polygender,2022-05-04,$247.72
227,Herschel,Gillingwater,hgillingwater6a@amazon.co.jp,Male,2022-08-15,$325.44
228,Gard,Mudd,gmudd6b@admin.ch,Male,2022-10-20,$559.60
229,Dori,Vanichkin,dvanichkin6c@mayoclinic.com,Female,2021-12-17,$234.14
230,Fay,Cannam,fcannam6d@t-online.de,Female,2022-08-18,$878.91
231,Anthiathia,Anney,aanney6e@virginia.edu,Female,2022-03-21,$702.35
232,Umberto,Anderl,uanderl6f@google.com.br,Male,2021-11-06,$687.43
233,Hobard,Mee,hmee6g@bluehost.com,Male,2022-06-14,$19.67
234,Mahmoud,Rash,mrash6h@msu.edu,Male,2022-09-20,$482.33
235,Kristoffer,Geare,kgeare6i@dmoz.org,Male,2022-10-14,$874.80
236,Roy,Pillman,rpillman6j@auda.org.au,Male,2021-12-26,$629.05
237,Talya,Van Giffen,tvangiffen6k@nps.gov,Female,2022-08-01,$407.09
238,Lenora,Barfitt,lbarfitt6l@networkadvertising.org,Female,2022-03-30,$466.23
239,Martguerita,Moncrefe,mmoncrefe6m@shutterfly.com,Female,2022-01-20,$44.29
240,Betti,Balling,bballing6n@mayoclinic.com,Female,2022-05-17,$246.61
241,Jerrylee,Norkutt,jnorkutt6o@list-manage.com,Female,2022-06-24,$883.46
242,Eliot,Fitzmaurice,efitzmaurice6p@wikia.com,Bigender,2022-08-14,$423.13
243,Penn,De Few,pdefew6q@cam.ac.uk,Male,2022-06-01,$113.53
244,Jeremiah,Christopher,jchristopher6r@nsw.gov.au,Male,2022-01-30,$183.31
245,Idette,O'Noland,ionoland6s@craigslist.org,Female,2022-06-11,$749.30
246,Gris,Clarkin,gclarkin6t@people.com.cn,Male,2022-02-03,$580.54
247,Janifer,Babcock,jbabcock6u@howstuffworks.com,Female,2022-05-08,$442.02
248,Jeremy,Tansey,jtansey6v@hostgator.com,Male,2022-06-29,$790.49
249,Pet,Bishop,pbishop6w@adobe.com,Female,2022-03-27,$737.04
250,Janaye,Antwis,jantwis6x@google.com.hk,Female,2022-08-29,$169.92
251,Myron,Akister,makister6y@about.com,Male,2022-08-25,$216.35
252,Fonz,Wedlake,fwedlake6z@dyndns.org,Male,2022-08-16,$309.11
253,Egbert,Brimley,ebrimley70@is.gd,Male,2022-06-22,$13.77
254,Aubert,Laurie,alaurie71@imdb.com,Male,2022-06-04,$461.14
255,Kiel,Mont,kmont72@statcounter.com,Male,2022-10-21,$756.35
256,Marie-jeanne,Meredith,mmeredith73@hp.com,Female,2022-07-28,$169.59
257,Spense,Petrie,spetrie74@t.co,Male,2022-04-02,$724.07
258,Catlee,Gadman,cgadman75@wufoo.com,Female,2021-12-07,$283.28
259,Gerard,MacCallister,gmaccallister76@altervista.org,Male,2022-02-21,$802.15
260,Devy,Thraves,dthraves77@nhs.uk,Male,2021-11-02,$855.75
261,Toiboid,Oldroyd,toldroyd78@imgur.com,Male,2022-05-03,$171.48
262,Karrah,Quenell,kquenell79@uiuc.edu,Female,2022-02-04,$634.71
263,Alane,Fatkin,afatkin7a@comcast.net,Female,2022-08-05,$628.11
264,Hershel,Pickerell,hpickerell7b@flickr.com,Male,2021-12-05,$357.65
265,Maddy,Lescop,mlescop7c@hc360.com,Female,2022-05-07,$584.27
266,Ronald,Sinton,rsinton7d@pcworld.com,Male,2022-01-07,$535.61
267,Jacinta,Joao,jjoao7e@army.mil,Non-binary,2022-06-03,$530.10
268,Nathaniel,Cleverly,ncleverly7f@prweb.com,Male,2021-12-17,$82.32
269,Marya,Clemenzo,mclemenzo7g@techcrunch.com,Female,2022-07-14,$71.63
270,Gawen,Kimbrough,gkimbrough7h@furl.net,Male,2022-02-08,$687.20
271,Louise,Aimson,laimson7i@canalblog.com,Female,2022-07-27,$324.77
272,Hermina,Bernuzzi,hbernuzzi7j@accuweather.com,Female,2022-02-04,$223.66
273,Curtice,Berford,cberford7k@cisco.com,Male,2022-07-18,$750.02
274,Chadwick,Smidmoor,csmidmoor7l@nba.com,Male,2021-12-02,$458.48
275,Nevin,Vial,nvial7m@webmd.com,Male,2021-12-20,$551.31
276,Beckie,Eul,beul7n@cam.ac.uk,Female,2022-08-09,$478.48
277,Sheridan,Baiyle,sbaiyle7o@gnu.org,Genderqueer,2021-12-25,$212.08
278,Rufus,Grunbaum,rgrunbaum7p@google.ca,Male,2022-08-18,$827.32
279,Romola,Guilfoyle,rguilfoyle7q@shareasale.com,Female,2022-07-14,$783.85
280,Dallas,Lownds,dlownds7r@independent.co.uk,Male,2022-08-16,$667.73
281,Tori,Troker,ttroker7s@vkontakte.ru,Female,2021-12-31,$322.21
282,Tailor,Fancutt,tfancutt7t@un.org,Male,2022-08-28,$654.70
283,Alexis,Luna,aluna7u@smugmug.com,Female,2021-11-03,$532.44
284,Constanta,Jauncey,cjauncey7v@wiley.com,Female,2022-05-23,$352.39
285,Sascha,Gallihawk,sgallihawk7w@cornell.edu,Male,2022-01-23,$573.08
286,Peta,Spinney,pspinney7x@multiply.com,Female,2022-05-07,$12.43
287,Gaby,Simonnot,gsimonnot7y@senate.gov,Female,2022-02-03,$34.55
288,Esdras,Pratley,epratley7z@reddit.com,Male,2022-09-24,$298.79
289,Tedda,Niche,tniche80@umn.edu,Female,2022-06-21,$3.33
290,Abey,Zaniolo,azaniolo81@so-net.ne.jp,Male,2022-04-14,$382.27
291,Nicolai,Delhay,ndelhay82@jalbum.net,Male,2022-09-01,$149.32
292,Jillane,Toland,jtoland83@unc.edu,Female,2022-10-24,$835.92
293,Kirk,Catlow,kcatlow84@whitehouse.gov,Male,2022-06-13,$711.39
294,Henderson,Gopsill,hgopsill85@addtoany.com,Bigender,2022-10-18,$439.81
295,Guinna,Staden,gstaden86@vk.com,Female,2022-03-22,$167.97
296,Tallulah,Olivazzi,tolivazzi87@shinystat.com,Female,2022-09-13,$766.78
297,Eadmund,Doogood,edoogood88@angelfire.com,Male,2022-08-25,$112.29
298,Arlin,Maren,amaren89@prnewswire.com,Male,2021-12-30,$316.04
299,Heda,Myford,hmyford8a@i2i.jp,Female,2022-09-30,$201.40
300,Sherye,Connaughton,sconnaughton8b@huffingtonpost.com,Female,2022-01-22,$877.73
301,Dilly,Joss,djoss8c@hc360.com,Male,2022-10-04,$449.70
302,Susanna,Milmore,smilmore8d@dropbox.com,Female,2022-05-29,$610.49
303,Woodrow,Egleton,wegleton8e@blinklist.com,Male,2022-10-16,$773.82
304,Reid,Storton,rstorton8f@newsvine.com,Male,2022-03-18,$622.19
305,Abelard,Antyukhin,aantyukhin8g@microsoft.com,Male,2021-11-19,$98.75
306,Federico,Olenov,folenov8h@globo.com,Male,2022-06-01,$533.99
307,Eolanda,Spanswick,espanswick8i@loc.gov,Female,2021-11-08,$116.73
308,Monah,Vanyushkin,mvanyushkin8j@icio.us,Female,2022-10-14,$610.60
309,Olivia,Locker,olocker8k@stanford.edu,Female,2022-01-05,$858.99
310,Agata,Thompstone,athompstone8l@gmpg.org,Female,2022-01-18,$50.89
311,Julietta,Castagnone,jcastagnone8m@examiner.com,Female,2022-06-27,$479.26
312,Rollin,Renner,rrenner8n@statcounter.com,Non-binary,2021-11-07,$635.97
313,Nancie,Kobel,nkobel8o@telegraph.co.uk,Female,2022-08-15,$508.47
314,Roseline,Whistlecraft,rwhistlecraft8p@ifeng.com,Non-binary,2022-03-22,$397.52
315,Jacklin,Newnham,jnewnham8q@comcast.net,Female,2022-04-17,$23.82
316,Kingsly,Cullip,kcullip8r@foxnews.com,Male,2022-10-14,$783.19
317,Oswell,Skill,oskill8s@reddit.com,Male,2022-07-23,$288.64
318,Yves,Greenland,ygreenland8t@hc360.com,Male,2021-11-28,$532.51
319,Gleda,Sealeaf,gsealeaf8u@bloglines.com,Female,2022-09-17,$431.43
320,Abbey,Vasichev,avasichev8v@ustream.tv,Female,2022-09-03,$588.49
321,Antonie,O'Corr,aocorr8w@multiply.com,Female,2022-02-23,$406.75
322,Roderic,Hallaways,rhallaways8x@ebay.co.uk,Male,2022-05-15,$543.79
323,Darill,Attrie,dattrie8y@arizona.edu,Male,2022-03-27,$312.81
324,Lexi,Pecey,lpecey8z@symantec.com,Female,2022-01-12,$646.85
325,Che,Wombwell,cwombwell90@drupal.org,Male,2022-02-16,$755.37
326,Jermaine,Ricketts,jricketts91@reuters.com,Female,2022-08-26,$858.18
327,Vinnie,Stainland,vstainland92@hostgator.com,Male,2021-12-16,$418.83
328,Oralle,Rich,orich93@auda.org.au,Female,2022-09-18,$518.53
329,Helli,Braddick,hbraddick94@bandcamp.com,Female,2022-10-09,$875.56
330,Claire,Cawte,ccawte95@odnoklassniki.ru,Male,2022-01-09,$781.22
331,Elspeth,Beacon,ebeacon96@example.com,Female,2022-02-23,$21.91
332,Gery,Kryzhov,gkryzhov97@zimbio.com,Male,2021-12-25,$120.32
333,Wilton,Bampforth,wbampforth98@posterous.com,Male,2022-05-02,$121.12
334,Cullan,Kliesl,ckliesl99@weibo.com,Male,2021-11-15,$674.51
335,Buiron,Fantham,bfantham9a@techcrunch.com,Male,2022-04-28,$58.52
336,Graehme,Lantuffe,glantuffe9b@merriam-webster.com,Male,2021-12-25,$404.41
337,Anissa,Cranfield,acranfield9c@eventbrite.com,Female,2022-10-11,$688.27
338,Dwayne,Hugonin,dhugonin9d@ebay.co.uk,Male,2022-03-18,$146.40
339,Edik,Hawkeswood,ehawkeswood9e@tripadvisor.com,Male,2022-05-16,$570.28
340,Starr,MacKee,smackee9f@spotify.com,Polygender,2022-05-04,$369.72
341,Charisse,Labern,clabern9g@qq.com,Polygender,2021-12-11,$796.75
342,Connor,Cocks,ccocks9h@cdbaby.com,Male,2021-12-26,$597.20
343,North,Trobridge,ntrobridge9i@discovery.com,Male,2022-07-26,$548.05
344,Jan,Waadenburg,jwaadenburg9j@cornell.edu,Male,2021-12-06,$231.39
345,Dody,Sorsbie,dsorsbie9k@surveymonkey.com,Female,2022-01-17,$66.80
346,Ernestine,Wyne,ewyne9l@mysql.com,Female,2022-09-21,$419.67
347,Jay,Giblett,jgiblett9m@economist.com,Male,2021-11-20,$859.52
348,Maximilien,Maddy,mmaddy9n@technorati.com,Male,2022-07-27,$826.63
349,Casey,Delve,cdelve9o@live.com,Female,2021-11-26,$15.72
350,Dotti,Patemore,dpatemore9p@springer.com,Female,2022-01-14,$252.93
351,Ros,Whitemarsh,rwhitemarsh9q@yellowbook.com,Female,2022-03-02,$860.25
352,Fielding,Lafflina,flafflina9r@webnode.com,Male,2022-02-17,$56.82
353,Reina,Curthoys,rcurthoys9s@who.int,Female,2022-06-14,$608.94
354,Merry,Feige,mfeige9t@baidu.com,Male,2022-01-16,$217.20
355,Karyl,Sheivels,ksheivels9u@house.gov,Female,2022-03-23,$145.08
356,Raffarty,Bartod,rbartod9v@rambler.ru,Male,2022-06-17,$728.50
357,Adriane,Skechley,askechley9w@tripod.com,Female,2022-08-04,$477.13
358,Verena,Mulcock,vmulcock9x@ed.gov,Polygender,2022-05-31,$500.57
359,Demetrius,Briereton,dbriereton9y@moonfruit.com,Male,2022-05-26,$645.27
360,Shalne,Wall,swall9z@go.com,Female,2022-05-27,$184.43
361,Job,Gennerich,jgennericha0@blog.com,Male,2022-09-20,$90.23
362,Kamila,Shanklin,kshanklina1@google.cn,Bigender,2022-04-27,$130.07
363,Zonda,Caccavari,zcaccavaria2@tuttocitta.it,Female,2022-10-07,$568.33
364,Mariquilla,Powton,mpowtona3@stanford.edu,Female,2022-01-13,$772.97
365,Thoma,Mattusevich,tmattusevicha4@yellowbook.com,Male,2022-08-05,$442.81
366,Terencio,Turrell,tturrella5@surveymonkey.com,Male,2022-06-25,$144.08
367,Tannie,Lythgoe,tlythgoea6@artisteer.com,Male,2022-03-01,$20.70
368,Joellen,Yakunkin,jyakunkina7@loc.gov,Female,2022-07-24,$832.65
369,Horatia,Royl,hroyla8@nytimes.com,Female,2021-12-08,$469.74
370,Cami,Drewson,cdrewsona9@princeton.edu,Female,2021-11-22,$437.62
371,Eva,Prin,eprinaa@wikipedia.org,Female,2022-01-14,$337.10
372,Ignacius,Heaviside,iheavisideab@blinklist.com,Male,2022-06-29,$294.12
373,Jayme,Bronot,jbronotac@livejournal.com,Female,2022-07-23,$621.23
374,Tiphanie,Roll,trollad@mtv.com,Female,2022-09-17,$768.39
375,Felicdad,Matiebe,fmatiebeae@kickstarter.com,Female,2022-04-25,$387.58
376,Ashbey,Coddington,acoddingtonaf@dailymail.co.uk,Male,2022-02-11,$737.29
377,Ozzy,Seint,oseintag@multiply.com,Male,2021-11-04,$546.65
378,Murry,Daber,mdaberah@cyberchimps.com,Male,2022-05-29,$709.83
379,Van,Walkden,vwalkdenai@lycos.com,Male,2022-08-09,$484.90
380,Padget,Mackley,pmackleyaj@free.fr,Male,2021-11-14,$708.60
381,Carolann,Abry,cabryak@google.es,Female,2022-05-30,$281.01
382,Sylvester,Larwell,slarwellal@reuters.com,Male,2022-04-02,$462.27
383,Warden,MacCleay,wmaccleayam@vkontakte.ru,Male,2022-05-23,$346.21
384,Murdoch,Sewart,msewartan@latimes.com,Male,2022-09-30,$699.31
385,Karna,Anger,kangerao@chicagotribune.com,Female,2022-04-23,$278.71
386,Olympie,McCosh,omccoshap@technorati.com,Female,2022-02-04,$399.40
387,Pearle,Abramamovh,pabramamovhaq@youtu.be,Female,2022-07-30,$780.86
388,Lil,Andreotti,landreottiar@scribd.com,Female,2022-01-04,$822.57
389,Andeee,Gershom,agershomas@oakley.com,Female,2022-05-07,$805.66
390,Martie,Kaspar,mkasparat@ameblo.jp,Male,2022-06-13,$542.06
391,Jeni,Hulkes,jhulkesau@arstechnica.com,Female,2022-06-06,$452.02
392,Cosme,Leschelle,cleschelleav@altervista.org,Male,2022-06-30,$726.43
393,Ellen,Loughan,eloughanaw@time.com,Female,2022-01-29,$684.60
394,Ermina,Stockoe,estockoeax@amazon.co.uk,Female,2022-03-18,$353.18
395,Rik,Nattrass,rnattrassay@issuu.com,Polygender,2021-12-28,$634.14
396,Gery,Bontoft,gbontoftaz@netlog.com,Male,2022-01-08,$220.40
397,Eadmund,Bouch,ebouchb0@mit.edu,Male,2022-01-30,$452.25
398,Cynthia,Bleazard,cbleazardb1@nymag.com,Female,2022-10-29,$261.59
399,Herschel,Roseborough,hroseboroughb2@globo.com,Agender,2022-09-04,$144.80
400,Lorne,Camp,lcampb3@sphinn.com,Male,2022-04-15,$738.66
401,Gus,Dyball,gdyballb4@discuz.net,Male,2022-07-02,$292.89
402,Boothe,Clendinning,bclendinningb5@buzzfeed.com,Male,2022-05-29,$412.08
403,Micki,Wybourne,mwybourneb6@fotki.com,Female,2022-02-04,$318.72
404,Sibeal,Pavlitschek,spavlitschekb7@columbia.edu,Female,2022-09-23,$322.12
405,Aveline,Tindle,atindleb8@netlog.com,Female,2022-09-19,$777.75
406,Dennie,Studman,dstudmanb9@guardian.co.uk,Male,2022-09-12,$545.32
407,Jaymee,Reglar,jreglarba@hao123.com,Female,2022-04-03,$875.46
408,Bendite,Geistmann,bgeistmannbb@photobucket.com,Female,2022-06-29,$769.09
409,Nora,Zoephel,nzoephelbc@omniture.com,Female,2022-10-03,$27.96
410,Emile,Trustram,etrustrambd@princeton.edu,Male,2022-08-09,$680.26
411,Laney,Morby,lmorbybe@dailymotion.com,Male,2022-08-11,$34.30
412,Dwight,Christophle,dchristophlebf@spiegel.de,Male,2021-12-27,$243.43
413,Christophorus,Avrasin,cavrasinbg@sbwire.com,Male,2022-02-17,$648.51
414,Lebbie,McIleen,lmcileenbh@de.vu,Female,2021-11-20,$709.77
415,Dani,Colaton,dcolatonbi@liveinternet.ru,Female,2021-11-17,$580.00
416,Garik,Dowears,gdowearsbj@geocities.com,Bigender,2021-12-16,$846.28
417,Charyl,Brosnan,cbrosnanbk@newyorker.com,Female,2022-02-09,$371.84
418,Aloise,Jansens,ajansensbl@ihg.com,Female,2022-10-16,$50.91
419,Ginnie,Bramelt,gbrameltbm@cornell.edu,Female,2022-01-21,$534.05
420,Hinda,Brudenell,hbrudenellbn@seattletimes.com,Female,2022-09-24,$522.36
421,Christie,Beadell,cbeadellbo@icq.com,Female,2022-06-02,$851.23
422,Abdul,Glaister,aglaisterbp@naver.com,Male,2022-01-27,$210.38
423,Cathie,Yorke,cyorkebq@icio.us,Female,2021-11-23,$298.85
424,Joscelin,McKeurton,jmckeurtonbr@cbslocal.com,Female,2021-11-23,$584.51
425,Stinky,Gunther,sguntherbs@cargocollective.com,Male,2022-03-22,$676.62
426,Cristen,Mackley,cmackleybt@youtube.com,Female,2022-03-11,$4.50
427,Elspeth,Seals,esealsbu@drupal.org,Genderqueer,2022-04-21,$523.39
428,Mamie,Willstrop,mwillstropbv@dagondesign.com,Female,2022-09-03,$90.27
429,Lindsay,Clemendet,lclemendetbw@goo.ne.jp,Female,2022-09-20,$892.75
430,Murry,Grimwad,mgrimwadbx@pcworld.com,Agender,2022-02-01,$774.73
431,Tanney,Kingcote,tkingcoteby@marriott.com,Male,2022-10-13,$150.97
432,Blancha,Atwool,batwoolbz@elpais.com,Female,2022-01-20,$593.12
433,Roselle,Santora,rsantorac0@tiny.cc,Female,2022-08-15,$878.13
434,Julianna,Regardsoe,jregardsoec1@sciencedaily.com,Female,2022-01-10,$337.16
435,Lenard,Tatem,ltatemc2@sina.com.cn,Male,2022-03-17,$576.82
436,Tallou,Presnail,tpresnailc3@edublogs.org,Female,2022-01-12,$151.93
437,Shane,Littrell,slittrellc4@bravesites.com,Female,2022-04-02,$637.22
438,Gaye,Gauthorpp,ggauthorppc5@berkeley.edu,Female,2022-03-04,$34.96
439,Kerri,Hehnke,khehnkec6@ezinearticles.com,Female,2022-06-19,$883.79
440,Chaddie,Weippert,cweippertc7@cpanel.net,Male,2022-09-01,$484.38
441,Noellyn,Lumsdall,nlumsdallc8@yale.edu,Female,2022-07-21,$672.07
442,Kerianne,Sandell,ksandellc9@soundcloud.com,Non-binary,2021-11-27,$41.04
443,Saleem,Gomez,sgomezca@weebly.com,Male,2022-04-26,$704.73
444,Layne,Bettam,lbettamcb@blogspot.com,Female,2022-09-24,$839.65
445,Alvera,Inworth,ainworthcc@free.fr,Female,2022-01-11,$858.36
446,Stefan,Oldland,soldlandcd@google.de,Male,2022-01-26,$899.73
447,Alic,Pattie,apattiece@wsj.com,Male,2022-01-19,$71.31
448,Viole,Lonergan,vlonergancf@va.gov,Female,2022-03-30,$884.84
449,Griffie,Dumingo,gdumingocg@homestead.com,Male,2022-04-26,$578.59
450,Archibold,O'Grady,aogradych@dmoz.org,Male,2022-10-25,$164.47
451,Martynne,Doxey,mdoxeyci@people.com.cn,Female,2022-08-01,$420.97
452,Damita,Upsale,dupsalecj@state.gov,Female,2022-04-29,$653.75
453,Fairlie,Ajam,fajamck@senate.gov,Male,2022-04-15,$755.39
454,Nickolai,Le Fevre,nlefevrecl@cnbc.com,Male,2022-03-28,$455.83
455,Alessandro,Field,afieldcm@dailymail.co.uk,Male,2022-05-17,$357.46
456,Sawyer,Beevers,sbeeverscn@newsvine.com,Male,2022-06-10,$861.34
457,Emmalynne,Hambrick,ehambrickco@example.com,Genderfluid,2021-11-06,$741.42
458,Torrey,Fearnyough,tfearnyoughcp@wikia.com,Male,2022-05-11,$253.00
459,Chuck,Oppy,coppycq@vimeo.com,Male,2022-06-25,$540.93
460,Jany,Ferro,jferrocr@shinystat.com,Female,2022-06-20,$745.19
461,Gracia,Letixier,gletixiercs@1688.com,Female,2022-01-17,$105.72
462,Joyous,Linder,jlinderct@phpbb.com,Female,2022-03-02,$619.79
463,Stephen,Sibthorp,ssibthorpcu@rediff.com,Male,2022-02-06,$893.30
464,Arabelle,Heugel,aheugelcv@auda.org.au,Female,2022-07-16,$108.22
465,Bendicty,O'Fearguise,bofearguisecw@cbsnews.com,Male,2022-10-10,$168.00
466,Billy,Bausor,bbausorcx@army.mil,Male,2022-09-29,$807.25
467,Sky,Brabant,sbrabantcy@goo.gl,Male,2021-11-11,$672.98
468,Dur,Stawell,dstawellcz@opera.com,Male,2022-10-29,$627.32
469,Jarib,Leethem,jleethemd0@google.pl,Male,2021-11-14,$571.33
470,Gun,Bisiker,gbisikerd1@bigcartel.com,Male,2022-08-26,$742.33
471,Lorie,Speake,lspeaked2@uol.com.br,Female,2022-03-10,$301.07
472,Sergio,Gehricke,sgehricked3@pagesperso-orange.fr,Male,2021-11-04,$209.27
473,Britta,Verryan,bverryand4@hostgator.com,Female,2022-01-29,$736.88
474,Storm,Leivers,sleiversd5@cpanel.net,Female,2021-12-16,$539.61
475,Flori,Elt,feltd6@purevolume.com,Female,2021-11-15,$807.70
476,Harmonia,Sutterfield,hsutterfieldd7@smugmug.com,Female,2021-11-02,$262.52
477,Mair,Franzewitch,mfranzewitchd8@i2i.jp,Polygender,2022-03-10,$539.91
478,Yolanthe,Klaesson,yklaessond9@lycos.com,Female,2022-06-04,$854.54
479,Fleur,Kentwell,fkentwellda@deviantart.com,Female,2022-05-19,$450.15
480,Farrel,Chataignier,fchataignierdb@opera.com,Male,2021-12-12,$262.37
481,Germain,Sirman,gsirmandc@list-manage.com,Male,2021-12-09,$578.13
482,Georges,Choffin,gchoffindd@weibo.com,Male,2022-03-04,$819.03
483,Danny,Harkins,dharkinsde@mac.com,Male,2022-06-23,$165.51
484,Mahalia,Bater,mbaterdf@tinyurl.com,Female,2021-12-17,$855.55
485,Franz,Presser,fpresserdg@uiuc.edu,Male,2022-02-16,$331.76
486,Winna,Casaccia,wcasacciadh@cbc.ca,Female,2022-01-31,$135.05
487,Morey,Gheorghescu,mgheorghescudi@seattletimes.com,Male,2022-05-19,$145.58
488,Lawry,Daveley,ldaveleydj@netscape.com,Male,2022-05-21,$755.80
489,Charley,Noonan,cnoonandk@123-reg.co.uk,Male,2022-06-11,$155.05
490,Janella,Fortun,jfortundl@blog.com,Bigender,2022-07-25,$55.83
491,Farrand,MacCard,fmaccarddm@friendfeed.com,Female,2022-05-04,$294.89
492,Lisbeth,Trengrouse,ltrengrousedn@ed.gov,Female,2022-02-19,$471.03
493,Forster,Rouchy,frouchydo@yolasite.com,Male,2021-11-01,$850.51
494,Tab,Yakov,tyakovdp@lycos.com,Male,2022-09-16,$474.57
495,Rand,Cossons,rcossonsdq@issuu.com,Male,2021-11-25,$278.57
496,Cornelius,Newcom,cnewcomdr@harvard.edu,Male,2022-02-07,$411.52
497,Petronia,Hegerty,phegertyds@over-blog.com,Female,2022-01-07,$26.80
498,Patricia,Trollope,ptrollopedt@ebay.co.uk,Female,2022-08-19,$174.19
499,Margit,Labroue,mlabrouedu@ebay.com,Female,2022-05-17,$593.04
500,Silvio,Nicholson,snicholsondv@dedecms.com,Male,2022-07-16,$648.13
501,Robyn,Finlaison,rfinlaisondw@ow.ly,Female,2021-11-07,$694.02
502,Kordula,Bothe,kbothedx@printfriendly.com,Bigender,2022-08-31,$702.09
503,Ruthie,Halms,rhalmsdy@mac.com,Female,2022-03-26,$507.90
504,Ransom,Subhan,rsubhandz@exblog.jp,Male,2022-05-19,$179.69
505,Nikki,Dullard,ndullarde0@indiatimes.com,Male,2021-12-26,$108.08
506,Shelley,Melody,smelodye1@va.gov,Male,2022-09-21,$847.22
507,Priscilla,Coyle,pcoylee2@youku.com,Female,2021-12-12,$476.92
508,Vernon,Burgne,vburgnee3@newyorker.com,Male,2022-09-04,$841.28
509,Ailina,Riley,arileye4@tuttocitta.it,Female,2022-02-19,$565.86
510,Baily,Laminman,blaminmane5@geocities.jp,Male,2022-08-31,$896.70
511,Lalo,Titcumb,ltitcumbe6@studiopress.com,Bigender,2022-02-26,$63.10
512,Theodoric,Swettenham,tswettenhame7@microsoft.com,Male,2021-12-17,$604.07
513,Abramo,Papaccio,apapaccioe8@etsy.com,Male,2022-08-29,$328.63
514,Gunther,Reeds,greedse9@skype.com,Male,2021-12-15,$314.16
515,Stanislaw,McCollum,smccollumea@cnbc.com,Male,2021-11-08,$875.19
516,Aron,Tavernor,atavernoreb@mozilla.org,Genderfluid,2022-01-08,$589.62
517,Kacey,Roy,kroyec@miitbeian.gov.cn,Female,2022-10-05,$575.83
518,Arlyne,Lower,alowered@sohu.com,Female,2022-04-24,$899.20
519,Prudence,Leadbeater,pleadbeateree@ucsd.edu,Female,2021-12-22,$120.77
520,Keelby,Dane,kdaneef@cbc.ca,Male,2022-04-05,$392.34
521,Shandy,Labdon,slabdoneg@census.gov,Female,2022-10-15,$364.03
522,Alard,Smithson,asmithsoneh@microsoft.com,Male,2021-12-26,$512.42
523,Mathias,Byrch,mbyrchei@dropbox.com,Non-binary,2021-12-13,$200.18
524,Cacilie,Wegenen,cwegenenej@ameblo.jp,Female,2022-04-27,$296.08
525,Stephenie,Baseke,sbasekeek@cbc.ca,Female,2022-08-04,$62.19
526,Joline,Poutress,jpoutressel@mozilla.com,Female,2021-12-09,$121.29
527,Gordon,Twidle,gtwidleem@homestead.com,Male,2022-10-19,$659.21
528,Rudolph,Martyntsev,rmartyntseven@about.com,Male,2022-05-28,$278.48
529,Gray,Prendergast,gprendergasteo@hugedomains.com,Male,2022-06-22,$618.54
530,Luther,Jupe,ljupeep@cmu.edu,Male,2022-02-25,$100.66
531,Kelvin,Rand,krandeq@goo.ne.jp,Male,2022-09-13,$337.02
532,Garek,Boow,gboower@360.cn,Male,2022-07-01,$236.13
533,Hansiain,McCullock,hmccullockes@cisco.com,Male,2022-10-08,$643.24
534,Mellisent,Copland,mcoplandet@addthis.com,Female,2021-11-25,$181.84
535,Wynne,Roxburgh,wroxburgheu@yale.edu,Female,2022-04-03,$572.46
536,Chanda,Huggin,chugginev@mail.ru,Female,2022-10-18,$723.94
537,Barbabra,MacRorie,bmacrorieew@upenn.edu,Genderqueer,2022-03-10,$336.95
538,Jamill,Lumley,jlumleyex@canalblog.com,Male,2022-08-31,$443.89
539,Elka,Litt,elittey@hp.com,Female,2022-07-13,$363.71
540,Erda,Levet,elevetez@pen.io,Female,2022-01-30,$673.26
541,Beltran,Mullin,bmullinf0@mtv.com,Male,2022-10-14,$607.39
542,Putnam,McQueen,pmcqueenf1@google.co.uk,Male,2022-01-04,$604.65
543,Gleda,Oakhill,goakhillf2@chron.com,Female,2022-09-08,$593.46
544,Milena,Spinozzi,mspinozzif3@naver.com,Female,2022-08-12,$85.71
545,Skippy,Kunneke,skunnekef4@parallels.com,Male,2022-07-28,$398.24
546,Edvard,Grennan,egrennanf5@wikispaces.com,Male,2022-03-04,$521.00
547,Salomi,Pedersen,spedersenf6@yandex.ru,Female,2022-10-22,$546.96
548,Gale,Meth,gmethf7@163.com,Female,2022-08-28,$179.14
549,Claudina,Neylon,cneylonf8@yellowpages.com,Bigender,2022-09-14,$220.88
550,Jud,Woolis,jwoolisf9@is.gd,Male,2022-04-12,$808.76
551,Dagny,Gurrado,dgurradofa@mysql.com,Male,2022-09-26,$139.33
552,Carissa,Weekes,cweekesfb@simplemachines.org,Female,2022-10-14,$638.14
553,Milty,Lethardy,mlethardyfc@ebay.com,Agender,2022-08-16,$638.35
554,Issi,Keaveney,ikeaveneyfd@army.mil,Female,2022-09-07,$356.18
555,Thaddus,Olliver,tolliverfe@myspace.com,Male,2022-09-29,$498.04
556,Mellicent,Ruegg,mrueggff@eventbrite.com,Female,2022-08-14,$530.30
557,Amos,Hutchison,ahutchisonfg@uol.com.br,Male,2022-03-23,$202.19
558,Berty,Dorgon,bdorgonfh@prlog.org,Male,2022-05-17,$684.90
559,Leeanne,Eliasson,leliassonfi@wordpress.org,Female,2022-02-24,$52.60
560,Maxie,Okie,mokiefj@ehow.com,Male,2022-08-19,$503.03
561,Erwin,Chard,echardfk@youtu.be,Male,2022-01-05,$410.79
562,Edee,Van der Hoeven,evanderhoevenfl@newyorker.com,Female,2022-01-11,$83.78
563,Babita,Chrstine,bchrstinefm@blogtalkradio.com,Genderqueer,2022-02-10,$889.23
564,Joby,Allsobrook,jallsobrookfn@nifty.com,Female,2022-01-19,$34.54
565,Allan,Hamlin,ahamlinfo@msu.edu,Male,2022-02-14,$522.55
566,Godwin,Chivers,gchiversfp@youtube.com,Male,2022-07-11,$866.01
567,Aili,Marco,amarcofq@squidoo.com,Female,2022-07-07,$77.66
568,Georas,Lawleff,glawlefffr@wikimedia.org,Male,2022-09-07,$597.51
569,Brendan,Benfell,bbenfellfs@bandcamp.com,Male,2022-08-14,$194.11
570,Wilbur,Walley,wwalleyft@microsoft.com,Male,2022-01-24,$0.91
571,Thaddeus,Hollyer,thollyerfu@etsy.com,Male,2022-09-02,$27.14
572,Mayor,Langer,mlangerfv@indiegogo.com,Male,2022-07-03,$232.58
573,Helen-elizabeth,Hauch,hhauchfw@goo.gl,Genderfluid,2022-10-19,$343.26
574,Saraann,Howkins,showkinsfx@toplist.cz,Genderqueer,2022-09-12,$95.14
575,Vachel,Ronisch,vronischfy@unblog.fr,Male,2021-12-30,$531.68
576,Monte,Spiers,mspiersfz@ca.gov,Genderfluid,2022-03-02,$39.55
577,Rozella,Huitt,rhuittg0@vinaora.com,Female,2022-10-15,$580.45
578,Eleen,Chappell,echappellg1@cnn.com,Female,2022-09-06,$790.87
579,Jone,Usher,jusherg2@weather.com,Male,2022-04-04,$637.44
580,Marie,MacAdam,mmacadamg3@columbia.edu,Female,2021-11-05,$10.08
581,Haydon,Sullly,hsulllyg4@usatoday.com,Male,2022-09-10,$688.57
582,Symon,Daftor,sdaftorg5@google.cn,Male,2022-05-25,$391.65
583,Renelle,Antyshev,rantyshevg6@google.pl,Female,2021-12-21,$629.66
584,Vita,Effemy,veffemyg7@latimes.com,Female,2022-07-31,$669.93
585,Merrill,Doers,mdoersg8@walmart.com,Male,2022-03-15,$732.17
586,Legra,Broxholme,lbroxholmeg9@hao123.com,Female,2021-12-09,$732.77
587,Jerad,Romero,jromeroga@typepad.com,Male,2022-06-10,$287.99
588,Pen,Alberti,palbertigb@mac.com,Female,2022-06-15,$49.34
589,Tabby,Pead,tpeadgc@hubpages.com,Female,2022-03-11,$113.55
590,Adoree,Preddle,apreddlegd@army.mil,Non-binary,2022-06-11,$546.46
591,Eben,Bladge,ebladgege@de.vu,Male,2022-10-28,$288.18
592,Rudolph,Wolford,rwolfordgf@businessinsider.com,Male,2022-02-10,$801.95
593,Torey,Crunkhorn,tcrunkhorngg@ocn.ne.jp,Female,2022-06-14,$352.31
594,Grenville,Midghall,gmidghallgh@bravesites.com,Male,2022-08-31,$306.95
595,Shelli,Sciusscietto,ssciussciettogi@wiley.com,Female,2022-04-11,$179.81
596,Nikolaos,Maleby,nmalebygj@seattletimes.com,Male,2022-02-04,$465.02
597,Conrad,Mably,cmablygk@mozilla.org,Male,2022-04-28,$316.85
598,Cynthy,Wrankling,cwranklinggl@purevolume.com,Female,2022-03-10,$881.38
599,Arnaldo,Spir,aspirgm@mashable.com,Male,2022-03-01,$337.65
600,Elvyn,Smissen,esmissengn@fema.gov,Male,2022-01-04,$859.92
601,Chane,Maryott,cmaryottgo@princeton.edu,Male,2022-07-27,$819.44
602,Levey,Daud,ldaudgp@mashable.com,Male,2021-11-16,$670.79
603,Mirabella,Signore,msignoregq@webmd.com,Female,2022-06-20,$668.60
604,Sylvester,Sentance,ssentancegr@paginegialle.it,Male,2022-10-24,$521.20
605,Aguste,Mungane,amunganegs@oracle.com,Male,2022-09-29,$650.67
606,Mariel,Beazley,mbeazleygt@nydailynews.com,Female,2022-05-20,$463.51
607,Judi,Zapater,jzapatergu@webeden.co.uk,Female,2022-08-05,$726.20
608,Kurt,Vaskov,kvaskovgv@blogger.com,Male,2022-03-25,$392.84
609,Ibrahim,Shieldon,ishieldongw@ted.com,Male,2022-10-19,$622.38
610,Elianora,Prendeguest,eprendeguestgx@pinterest.com,Female,2021-12-10,$307.83
611,Vivienne,Colles,vcollesgy@chicagotribune.com,Female,2022-06-11,$699.44
612,Nessi,Vaszoly,nvaszolygz@soundcloud.com,Female,2022-04-09,$34.69
613,Sonia,Lukock,slukockh0@theguardian.com,Female,2022-01-28,$547.50
614,Monique,Valasek,mvalasekh1@ehow.com,Female,2022-10-22,$755.66
615,Millisent,Giorgielli,mgiorgiellih2@github.com,Female,2022-08-09,$744.82
616,Sauncho,Sandham,ssandhamh3@slashdot.org,Male,2022-08-01,$171.34
617,Daren,Hartgill,dhartgillh4@ycombinator.com,Male,2022-08-17,$175.44
618,Gayle,Evitt,gevitth5@nih.gov,Female,2022-09-01,$102.76
619,Stacey,Yeardsley,syeardsleyh6@reference.com,Female,2022-06-21,$221.29
620,Pammy,Lowings,plowingsh7@taobao.com,Female,2022-09-21,$203.22
621,Roger,Ambrogini,rambroginih8@dagondesign.com,Male,2022-04-28,$140.90
622,Neille,Glacken,nglackenh9@domainmarket.com,Female,2022-10-05,$665.14
623,Liesa,Charon,lcharonha@123-reg.co.uk,Female,2021-11-14,$852.10
624,Christalle,Forton,cfortonhb@mediafire.com,Female,2021-12-24,$133.29
625,Griffin,Tourmell,gtourmellhc@sakura.ne.jp,Male,2021-12-02,$711.19
626,Noland,Pett,npetthd@ebay.co.uk,Male,2022-07-29,$208.02
627,Pierce,Labba,plabbahe@archive.org,Male,2022-03-20,$763.13
628,Sutherland,Lucks,sluckshf@marriott.com,Male,2022-01-13,$189.84
629,Barby,Hazeley,bhazeleyhg@washingtonpost.com,Female,2022-01-01,$789.63
630,Eugine,Kerbey,ekerbeyhh@fastcompany.com,Female,2022-02-07,$726.01
631,Michal,Danko,mdankohi@flickr.com,Polygender,2022-08-01,$45.28
632,Sapphire,Streatfeild,sstreatfeildhj@webnode.com,Female,2022-10-05,$884.71
633,Lesley,Southway,lsouthwayhk@goo.gl,Male,2022-03-29,$699.56
634,Aveline,Oswald,aoswaldhl@twitter.com,Female,2022-07-27,$149.31
635,Gabriele,Prevost,gprevosthm@wikia.com,Male,2022-01-13,$865.00
636,Kylila,Pariso,kparisohn@parallels.com,Polygender,2021-12-02,$95.48
637,Marybeth,Prior,mpriorho@sina.com.cn,Female,2021-11-03,$388.38
638,Jeffy,Biddulph,jbiddulphhp@odnoklassniki.ru,Male,2022-09-15,$318.19
639,Miran,Crampin,mcrampinhq@independent.co.uk,Genderqueer,2022-02-02,$256.92
640,Job,Middlebrook,jmiddlebrookhr@whitehouse.gov,Male,2022-10-25,$368.46
641,Adrianna,Bugby,abugbyhs@gnu.org,Genderfluid,2022-04-26,$418.45
642,Octavius,Churchill,ochurchillht@t-online.de,Male,2022-04-18,$118.14
643,Stacee,Doudney,sdoudneyhu@nature.com,Female,2022-01-08,$555.02
644,Sue,Predohl,spredohlhv@rambler.ru,Female,2022-09-24,$604.99
645,Ansell,Spofforth,aspofforthhw@163.com,Male,2022-08-10,$520.50
646,Fonsie,Farden,ffardenhx@cafepress.com,Male,2022-09-01,$674.37
647,Beverlie,Labon,blabonhy@opensource.org,Female,2022-10-09,$319.26
648,Butch,Aish,baishhz@netlog.com,Male,2022-06-18,$683.71
649,Monty,Cantrell,mcantrelli0@marketwatch.com,Bigender,2022-03-16,$480.07
650,Federica,Meigh,fmeighi1@tumblr.com,Female,2022-03-09,$347.74
651,Otis,Bearward,obearwardi2@studiopress.com,Male,2022-04-19,$869.69
652,Conrade,Leatherland,cleatherlandi3@toplist.cz,Bigender,2022-01-05,$45.97
653,Lauren,Pavlovic,lpavlovici4@time.com,Male,2022-09-23,$340.84
654,Carola,Kohrding,ckohrdingi5@mit.edu,Female,2022-06-04,$516.03
655,Bearnard,Shrimpton,bshrimptoni6@cbsnews.com,Male,2022-08-03,$676.76
656,Clywd,Scotchforth,cscotchforthi7@baidu.com,Genderfluid,2022-01-07,$728.24
657,Yank,Kusick,ykusicki8@instagram.com,Male,2022-10-31,$793.80
658,Zebadiah,Cahn,zcahni9@mapquest.com,Male,2022-04-19,$201.78
659,Jephthah,Hoyles,jhoylesia@slate.com,Male,2022-05-05,$166.43
660,Shayla,Coger,scogerib@yahoo.co.jp,Female,2022-03-03,$410.55
661,Rodrigo,Fawcitt,rfawcittic@altervista.org,Male,2022-10-27,$141.31
662,Deonne,Rangall,drangallid@intel.com,Female,2022-05-19,$345.48
663,Thor,Fraschetti,tfraschettiie@simplemachines.org,Male,2022-07-09,$854.87
664,Jamey,Howsam,jhowsamif@icq.com,Male,2022-08-23,$636.14
665,Jamaal,De Beneditti,jdebenedittiig@youku.com,Male,2022-04-24,$163.96
666,Libbi,Gass,lgassih@ucoz.com,Female,2021-11-20,$352.86
667,Fransisco,Smethurst,fsmethurstii@google.com,Male,2022-08-20,$202.53
668,Sigismundo,Mc Meekin,smcmeekinij@nifty.com,Male,2022-03-19,$146.03
669,Shelly,Romain,sromainik@hp.com,Agender,2022-06-13,$79.64
670,Ros,Meaton,rmeatonil@skype.com,Female,2021-12-31,$553.74
671,Beulah,Sterre,bsterreim@latimes.com,Female,2022-04-12,$468.49
672,Padraic,Fancourt,pfancourtin@rakuten.co.jp,Male,2021-12-08,$77.96
673,Kirstyn,Vertigan,kvertiganio@bluehost.com,Female,2022-07-12,$445.99
674,Noreen,Eytel,neytelip@hc360.com,Female,2022-07-07,$765.67
675,Vladimir,Deinert,vdeinertiq@hugedomains.com,Male,2022-02-10,$265.77
676,Hermann,Cromblehome,hcromblehomeir@wikia.com,Male,2022-06-12,$850.48
677,Gerick,O'Hartagan,gohartaganis@indiatimes.com,Polygender,2022-08-05,$119.30
678,Kamillah,Farans,kfaransit@slashdot.org,Female,2022-05-04,$844.97
679,Micah,Barks,mbarksiu@samsung.com,Male,2022-06-12,$874.68
680,Freddy,Rate,frateiv@yahoo.co.jp,Male,2022-05-01,$646.83
681,Huntington,Covington,hcovingtoniw@samsung.com,Male,2022-09-25,$729.12
682,Steve,Michael,smichaelix@shutterfly.com,Male,2022-04-28,$715.96
683,Ralina,Stickford,rstickfordiy@sourceforge.net,Female,2021-11-18,$861.97
684,Arnie,Chedgey,achedgeyiz@arizona.edu,Male,2022-02-25,$35.20
685,Bertie,Danilovitch,bdanilovitchj0@storify.com,Male,2022-02-05,$32.08
686,Kaye,Meier,kmeierj1@shutterfly.com,Female,2022-09-02,$673.39
687,Rea,Fillingham,rfillinghamj2@unicef.org,Female,2022-01-04,$65.58
688,Honor,McLeman,hmclemanj3@goo.ne.jp,Female,2021-11-03,$879.05
689,Camila,Leif,cleifj4@csmonitor.com,Female,2022-10-25,$554.33
690,Grange,Sebrens,gsebrensj5@hugedomains.com,Bigender,2022-07-16,$461.98
691,Emiline,Ancell,eancellj6@dion.ne.jp,Female,2022-09-25,$726.82
692,Beryle,Brisker,bbriskerj7@flickr.com,Female,2022-08-13,$883.06
693,Torrey,Naish,tnaishj8@walmart.com,Male,2022-03-23,$565.30
694,Shirlene,Winterbottom,swinterbottomj9@amazon.co.jp,Female,2021-12-22,$899.14
695,Brittani,Shemwell,bshemwellja@deliciousdays.com,Female,2022-10-24,$372.43
696,Saraann,Cattonnet,scattonnetjb@gravatar.com,Female,2022-04-02,$764.25
697,Isadore,Rupel,irupeljc@wordpress.org,Male,2022-03-07,$276.91
698,Gussy,Peacey,gpeaceyjd@biglobe.ne.jp,Female,2022-10-27,$587.45
699,Conn,Graysmark,cgraysmarkje@studiopress.com,Male,2022-10-20,$63.98
700,Iolande,Yuryaev,iyuryaevjf@netlog.com,Female,2022-10-13,$33.18
701,Andrea,Paternoster,apaternosterjg@vimeo.com,Male,2022-05-07,$310.27
702,Jarid,Body,jbodyjh@hhs.gov,Male,2022-10-14,$715.11
703,Antonina,Leupoldt,aleupoldtji@telegraph.co.uk,Genderqueer,2022-08-22,$445.75
704,Aaren,Troppmann,atroppmannjj@bing.com,Female,2022-09-17,$236.19
705,Jade,Semeniuk,jsemeniukjk@chron.com,Female,2022-04-14,$517.17
706,Jayme,Yendall,jyendalljl@altervista.org,Male,2022-10-05,$624.65
707,Curran,Natwick,cnatwickjm@vkontakte.ru,Male,2021-11-16,$511.34
708,Winne,Popplestone,wpopplestonejn@etsy.com,Agender,2022-10-02,$618.19
709,Martina,Harkin,mharkinjo@mapquest.com,Female,2021-12-04,$481.95
710,Madalena,O'Hannen,mohannenjp@gnu.org,Female,2022-10-25,$497.53
711,Bernardine,Gerin,bgerinjq@naver.com,Female,2022-10-19,$243.50
712,Merla,Eva,mevajr@hhs.gov,Female,2022-05-12,$527.06
713,Ancell,Shipcott,ashipcottjs@webeden.co.uk,Polygender,2022-03-29,$803.28
714,Celinka,Bentje,cbentjejt@qq.com,Female,2022-05-22,$835.47
715,Morty,Pacheco,mpachecoju@newsvine.com,Male,2021-12-11,$301.01
716,Tabor,Worpole,tworpolejv@nifty.com,Male,2021-11-02,$46.36
717,Leland,Reboul,lrebouljw@trellian.com,Male,2022-04-05,$114.07
718,Marjie,Goodram,mgoodramjx@businesswire.com,Female,2022-07-22,$541.31
719,Larry,Hobbert,lhobbertjy@mashable.com,Male,2022-03-15,$304.79
720,Darb,Maneylaws,dmaneylawsjz@csmonitor.com,Male,2022-10-19,$279.97
721,Jacquetta,Klimowicz,jklimowiczk0@list-manage.com,Female,2022-09-07,$783.47
722,Nyssa,Roberto,nrobertok1@feedburner.com,Female,2022-08-01,$599.55
723,Arv,Siveyer,asiveyerk2@mac.com,Male,2022-06-17,$122.59
724,Otha,Junkison,ojunkisonk3@tiny.cc,Female,2021-11-12,$421.97
725,Jefferson,Senescall,jsenescallk4@ow.ly,Male,2022-09-12,$182.01
726,Marsiella,Sunley,msunleyk5@msn.com,Female,2022-10-13,$171.26
727,Darcy,Heisman,dheismank6@moonfruit.com,Male,2022-04-10,$119.59
728,Ashly,Fauning,afauningk7@ed.gov,Female,2022-02-01,$715.72
729,Tannie,Giottoi,tgiottoik8@java.com,Male,2022-02-23,$775.73
730,Leena,Kikke,lkikkek9@storify.com,Female,2022-07-27,$690.85
731,Albie,Kirlin,akirlinka@vistaprint.com,Male,2022-01-17,$127.31
732,Gabbie,Andriulis,gandriuliskb@addthis.com,Male,2022-03-27,$574.14
733,Phedra,Dallimare,pdallimarekc@ovh.net,Female,2022-04-01,$656.77
734,Sherm,Capron,scapronkd@huffingtonpost.com,Male,2022-03-14,$55.27
735,Thorstein,Kaplin,tkaplinke@indiegogo.com,Male,2021-11-26,$510.85
736,Pammi,Segar,psegarkf@skype.com,Female,2021-11-08,$596.01
737,Gloria,Maghull,gmaghullkg@dailymotion.com,Agender,2022-09-27,$647.03
738,Guglielmo,Offill,goffillkh@jiathis.com,Male,2022-08-07,$614.06
739,Deanna,Barrass,dbarrasski@taobao.com,Female,2022-05-01,$628.29
740,Ursula,Demko,udemkokj@altervista.org,Female,2022-02-04,$540.85
741,Jo ann,Rangell,jrangellkk@plala.or.jp,Female,2022-03-21,$759.96
742,Udale,Buckenham,ubuckenhamkl@hhs.gov,Male,2022-07-15,$806.80
743,Aggi,Fundell,afundellkm@ameblo.jp,Female,2022-05-31,$848.44
744,Agustin,Weatherby,aweatherbykn@wikipedia.org,Male,2022-09-21,$236.77
745,Eliot,Chedgey,echedgeyko@shinystat.com,Male,2022-02-27,$386.90
746,Phillida,Braywood,pbraywoodkp@whitehouse.gov,Female,2022-08-16,$668.38
747,Alonzo,Troughton,atroughtonkq@scribd.com,Male,2022-09-16,$25.74
748,Megan,Cream,mcreamkr@quantcast.com,Female,2022-09-07,$26.14
749,Zachary,Gillebride,zgillebrideks@google.ca,Male,2022-07-20,$871.62
750,Brocky,Agerskow,bagerskowkt@topsy.com,Male,2022-05-31,$591.25
751,Philomena,Breslane,pbreslaneku@addthis.com,Female,2021-12-22,$816.46
752,Piotr,Sentance,psentancekv@tinypic.com,Male,2022-05-04,$647.65
753,Dalt,Sieb,dsiebkw@opera.com,Male,2022-01-16,$669.47
754,Tommy,Arnull,tarnullkx@bandcamp.com,Female,2022-10-05,$330.53
755,Andree,Roke,arokeky@cornell.edu,Female,2022-08-20,$870.87
756,Gratiana,McIlrath,gmcilrathkz@comcast.net,Non-binary,2022-06-05,$877.47
757,Elsinore,Blaze,eblazel0@samsung.com,Female,2022-06-13,$48.49
758,Roxane,Bolf,rbolfl1@printfriendly.com,Female,2022-03-10,$79.19
759,Court,Wiggans,cwiggansl2@icio.us,Male,2022-02-07,$80.70
760,Camilla,Berka,cberkal3@fastcompany.com,Female,2022-06-25,$352.91
761,Zared,Plank,zplankl4@free.fr,Male,2022-05-21,$495.87
762,Maritsa,Aleksashin,maleksashinl5@hubpages.com,Female,2022-10-17,$244.75
763,Irma,Seago,iseagol6@wiley.com,Female,2022-04-15,$519.79
764,Agretha,McGeever,amcgeeverl7@bloglines.com,Female,2021-11-08,$589.47
765,Anna,Connors,aconnorsl8@mozilla.com,Female,2022-05-04,$325.59
766,Chilton,Wilcockes,cwilcockesl9@yellowbook.com,Polygender,2022-08-07,$658.89
767,Joanna,Flay,jflayla@ocn.ne.jp,Female,2022-06-01,$706.51
768,Anastassia,Boyford,aboyfordlb@sphinn.com,Female,2022-06-23,$163.29
769,Rozanna,Bonnette,rbonnettelc@chicagotribune.com,Female,2021-11-28,$589.94
770,Cello,Lethbury,clethburyld@flavors.me,Male,2022-06-04,$644.70
771,Clim,Pouck,cpouckle@state.gov,Male,2022-02-06,$380.35
772,Daisie,Kemell,dkemelllf@about.com,Female,2022-09-16,$670.42
773,Alyosha,Jorio,ajoriolg@bandcamp.com,Male,2021-12-22,$384.22
774,Durante,Handford,dhandfordlh@infoseek.co.jp,Male,2022-10-04,$851.19
775,Viola,Davidsen,vdavidsenli@google.de,Female,2022-06-21,$281.07
776,Urbano,Nolin,unolinlj@skype.com,Male,2022-04-06,$729.79
777,Joela,Gwyther,jgwytherlk@godaddy.com,Female,2022-09-17,$802.51
778,Emmey,Grote,egrotell@walmart.com,Female,2022-09-25,$629.68
779,Sibyl,Bedward,sbedwardlm@pbs.org,Female,2022-02-26,$853.18
780,Dacia,Bentinck,dbentinckln@ucoz.ru,Female,2022-09-19,$793.46
781,Chrissy,Hedgecock,chedgecocklo@aboutads.info,Male,2022-05-02,$138.91
782,Elston,Sickamore,esickamorelp@toplist.cz,Male,2022-04-15,$211.63
783,Andriana,Eat,aeatlq@newyorker.com,Genderqueer,2022-02-21,$272.80
784,Colan,Roller,crollerlr@nps.gov,Male,2022-08-17,$691.18
785,Ernaline,Abbey,eabbeyls@seattletimes.com,Female,2022-05-21,$877.09
786,Ferdinand,Sazio,fsaziolt@google.co.uk,Male,2022-10-25,$426.80
787,Christina,Assiratti,cassirattilu@netvibes.com,Female,2021-11-02,$309.67
788,Tristan,Fosbraey,tfosbraeylv@homestead.com,Male,2021-12-31,$479.22
789,Judi,McGilben,jmcgilbenlw@gravatar.com,Genderfluid,2022-03-13,$711.95
790,Colly,Inworth,cinworthlx@merriam-webster.com,Female,2022-06-02,$695.42
791,Amalee,Rennick,arennickly@microsoft.com,Female,2022-09-15,$252.79
792,Tuckie,Truse,ttruselz@live.com,Male,2022-10-19,$596.78
793,Annmaria,Jerson,ajersonm0@buzzfeed.com,Female,2022-07-24,$2.18
794,Waylan,Hannant,whannantm1@sogou.com,Male,2021-11-09,$465.10
795,Basilius,Ahrendsen,bahrendsenm2@prnewswire.com,Male,2021-12-02,$799.56
796,Irina,Jemison,ijemisonm3@gravatar.com,Female,2022-08-22,$872.05
797,Nita,Southerell,nsoutherellm4@washington.edu,Female,2021-12-20,$877.16
798,Coletta,Burkhill,cburkhillm5@tiny.cc,Female,2022-03-16,$633.58
799,Timmy,Whitter,twhitterm6@cdbaby.com,Male,2022-02-04,$336.60
800,Zedekiah,Hodges,zhodgesm7@illinois.edu,Male,2022-10-10,$331.78
801,Aldous,Mucillo,amucillom8@cbc.ca,Male,2022-09-01,$310.04
802,Calvin,Pietsma,cpietsmam9@xing.com,Male,2022-03-05,$560.63
803,Torie,Britt,tbrittma@baidu.com,Female,2022-10-29,$134.59
804,Teri,Chattelaine,tchattelainemb@nasa.gov,Female,2022-06-11,$694.57
805,Violette,Sailer,vsailermc@hp.com,Female,2022-03-28,$283.13
806,Freddie,Arnson,farnsonmd@oakley.com,Female,2022-09-11,$829.61
807,Ivor,Sondland,isondlandme@hhs.gov,Male,2021-11-11,$723.54
808,Aldric,Heamus,aheamusmf@amazon.com,Genderqueer,2022-01-14,$729.08
809,Kevon,Tomisch,ktomischmg@histats.com,Male,2021-11-10,$389.74
810,Tilda,De Dei,tdedeimh@imdb.com,Female,2022-04-27,$724.56
811,Penni,Osborne,posbornemi@yale.edu,Bigender,2022-06-23,$114.60
812,Christal,Harlick,charlickmj@stanford.edu,Female,2022-06-12,$611.19
813,Padraig,Andreu,pandreumk@businessweek.com,Male,2022-09-11,$473.82
814,Stefania,Radwell,sradwellml@usa.gov,Non-binary,2022-09-10,$54.79
815,Chevalier,Gaither,cgaithermm@squidoo.com,Male,2021-11-21,$93.10
816,Winnifred,Wanjek,wwanjekmn@biblegateway.com,Female,2022-10-21,$552.26
817,Tanya,Hought,thoughtmo@jiathis.com,Female,2022-02-15,$66.53
818,Agace,Piolli,apiollimp@cargocollective.com,Female,2022-06-17,$43.33
819,Anne-corinne,Orvis,aorvismq@phpbb.com,Polygender,2022-01-26,$710.93
820,Harmonia,Seakin,hseakinmr@tamu.edu,Female,2022-01-08,$174.38
821,Pierson,Colqueran,pcolqueranms@ehow.com,Male,2022-02-25,$251.12
822,Markus,Spensly,mspenslymt@webnode.com,Male,2022-01-23,$430.23
823,Malina,Geharke,mgeharkemu@loc.gov,Genderqueer,2022-03-14,$777.87
824,Levin,Streeton,lstreetonmv@youtu.be,Male,2022-03-13,$383.57
825,Kali,Harford,kharfordmw@mozilla.org,Genderqueer,2022-05-13,$512.09
826,Filia,Simnor,fsimnormx@php.net,Female,2022-08-29,$133.84
827,Ciro,Byers,cbyersmy@webnode.com,Male,2022-06-13,$899.29
828,Vicki,Massenhove,vmassenhovemz@huffingtonpost.com,Female,2022-02-22,$120.07
829,Genni,Balkwill,gbalkwilln0@yandex.ru,Female,2021-11-08,$149.61
830,Miltie,Rasmus,mrasmusn1@earthlink.net,Male,2022-06-01,$219.43
831,Dacey,Brudenell,dbrudenelln2@sitemeter.com,Female,2021-12-19,$568.02
832,Georgeanne,Mellmer,gmellmern3@vinaora.com,Female,2022-10-27,$135.48
833,Ferdie,Hollyer,fhollyern4@bandcamp.com,Male,2022-07-29,$441.01
834,Terri-jo,Albrighton,talbrightonn5@joomla.org,Female,2022-03-31,$861.13
835,Yvor,Watkiss,ywatkissn6@marketwatch.com,Male,2022-06-06,$616.16
836,Mandi,Moyler,mmoylern7@desdev.cn,Female,2021-11-10,$408.61
837,Benedikta,Skupinski,bskupinskin8@is.gd,Genderfluid,2022-04-30,$813.61
838,Base,Fishly,bfishlyn9@upenn.edu,Male,2022-09-11,$851.19
839,Sib,Pay,spayna@booking.com,Female,2022-01-11,$508.16
840,Niels,Cicerone,nciceronenb@g.co,Polygender,2021-11-10,$34.75
841,Gannie,MacLise,gmaclisenc@hatena.ne.jp,Genderfluid,2022-08-12,$239.47
842,Justine,Jermey,jjermeynd@miibeian.gov.cn,Bigender,2022-08-06,$83.40
843,Tulley,Swinfon,tswinfonne@sogou.com,Male,2022-03-17,$165.36
844,Mercedes,Sellwood,msellwoodnf@tripod.com,Female,2022-03-14,$243.08
845,Tadio,Strooband,tstroobandng@cbc.ca,Male,2022-03-06,$735.71
846,Gussy,Blaney,gblaneynh@webs.com,Female,2022-08-04,$707.32
847,Aline,Danniel,adannielni@nih.gov,Female,2022-03-14,$455.51
848,Ketty,Hawse,khawsenj@ezinearticles.com,Female,2021-12-02,$205.80
849,Weston,Colbrun,wcolbrunnk@springer.com,Male,2021-11-22,$391.18
850,Rogerio,Tregian,rtregiannl@mapy.cz,Male,2021-11-03,$297.06
851,Harlen,Houndsom,hhoundsomnm@epa.gov,Male,2022-05-07,$587.82
852,Siusan,Musker,smuskernn@smh.com.au,Female,2022-02-04,$787.44
853,Jim,Conroy,jconroyno@tinyurl.com,Male,2022-03-17,$729.77
854,Gasparo,Dreelan,gdreelannp@imdb.com,Male,2021-11-10,$284.69
855,Reuven,Tillard,rtillardnq@photobucket.com,Polygender,2021-12-18,$520.55
856,Hynda,Millard,hmillardnr@myspace.com,Female,2022-09-07,$307.49
857,Giuseppe,Attree,gattreens@disqus.com,Male,2021-12-26,$663.06
858,Parnell,Borgesio,pborgesiont@oracle.com,Male,2022-05-28,$111.82
859,Gerry,Jennaroy,gjennaroynu@npr.org,Male,2022-06-10,$21.56
860,Jillana,Balloch,jballochnv@mozilla.com,Female,2022-02-21,$587.50
861,Madelina,Barsham,mbarshamnw@baidu.com,Female,2022-06-20,$322.03
862,Fawne,Beeze,fbeezenx@purevolume.com,Female,2022-05-06,$38.90
863,Marilin,De Ferraris,mdeferrarisny@mail.ru,Female,2022-10-29,$401.06
864,Jens,Arkow,jarkownz@indiatimes.com,Male,2022-09-20,$758.35
865,Alex,Solway,asolwayo0@yandex.ru,Female,2022-01-16,$29.86
866,Kendell,Daud,kdaudo1@nyu.edu,Male,2022-04-06,$704.06
867,Davita,Burnet,dburneto2@tripadvisor.com,Bigender,2022-10-22,$849.53
868,Jeane,Penrice,jpenriceo3@wisc.edu,Non-binary,2021-12-01,$355.99
869,Creighton,Tremellier,ctremelliero4@gravatar.com,Male,2022-07-07,$445.53
870,Garrek,Wareham,gwarehamo5@ocn.ne.jp,Male,2022-09-29,$153.23
871,Dorey,Bowes,dboweso6@geocities.com,Male,2022-08-18,$424.17
872,Caprice,De Souza,cdesouzao7@php.net,Genderfluid,2022-10-13,$108.25
873,Jacob,Tovey,jtoveyo8@cisco.com,Male,2022-09-04,$776.00
874,Shamus,Exley,sexleyo9@google.com.au,Male,2022-05-02,$364.42
875,Jens,Boulsher,jboulsheroa@joomla.org,Male,2022-08-09,$225.11
876,Brenna,Plumley,bplumleyob@webnode.com,Female,2022-03-20,$290.22
877,Sherri,Lawee,slaweeoc@csmonitor.com,Female,2022-03-01,$138.97
878,Armin,Mart,amartod@odnoklassniki.ru,Male,2022-08-17,$337.16
879,Chip,Niesing,cniesingoe@hugedomains.com,Male,2022-09-12,$138.67
880,Clerc,Wheowall,cwheowallof@xrea.com,Male,2022-01-16,$685.54
881,Nicolas,Flower,nflowerog@pbs.org,Male,2022-10-23,$169.85
882,Trenna,Bullin,tbullinoh@ucla.edu,Female,2022-01-18,$82.47
883,Armin,Maylin,amaylinoi@telegraph.co.uk,Male,2022-06-20,$474.34
884,Jonis,Vasilechko,jvasilechkooj@java.com,Female,2022-02-19,$243.61
885,Steve,Argont,sargontok@artisteer.com,Male,2022-01-25,$138.96
886,Gaultiero,Muckart,gmuckartol@boston.com,Male,2022-06-01,$420.69
887,Thebault,Juorio,tjuorioom@nationalgeographic.com,Male,2022-03-07,$230.14
888,Vyky,Acedo,vacedoon@acquirethisname.com,Female,2022-05-04,$825.25
889,Donny,Jansen,djansenoo@scientificamerican.com,Male,2022-03-13,$821.18
890,Gothart,Reinbeck,greinbeckop@prnewswire.com,Male,2022-02-27,$35.54
891,Ellyn,Durden,edurdenoq@geocities.jp,Female,2022-07-14,$47.92
892,Bendicty,Aspling,basplingor@ucoz.com,Genderfluid,2022-03-12,$866.55
893,Shannon,Bacchus,sbacchusos@1688.com,Male,2022-08-10,$291.24
894,Darleen,Newis,dnewisot@reference.com,Female,2022-08-25,$549.60
895,Teddy,Vaux,tvauxou@princeton.edu,Male,2022-06-10,$591.61
896,Felisha,Carrel,fcarrelov@washingtonpost.com,Female,2022-06-21,$816.27
897,Arin,Canfer,acanferow@bing.com,Male,2021-12-08,$149.35
898,Renard,Catonne,rcatonneox@reddit.com,Male,2021-11-14,$157.85
899,Evvy,Peatman,epeatmanoy@wikispaces.com,Female,2022-04-01,$762.43
900,Beniamino,Tallant,btallantoz@blogspot.com,Male,2021-12-13,$621.96
901,Dorie,Dolle,ddollep0@opensource.org,Male,2022-04-16,$58.83
902,Mar,Vagges,mvaggesp1@phpbb.com,Male,2021-12-27,$732.91
903,Twila,Klaaasen,tklaaasenp2@home.pl,Female,2022-01-22,$359.02
904,Rutger,Ulyet,rulyetp3@marriott.com,Male,2022-07-19,$667.67
905,Herbie,Kingsmill,hkingsmillp4@omniture.com,Male,2022-03-28,$538.22
906,Vince,O Mullen,vomullenp5@xing.com,Male,2022-09-12,$721.81
907,Blanch,Bruckshaw,bbruckshawp6@forbes.com,Female,2022-08-12,$660.17
908,Riordan,Blastock,rblastockp7@uol.com.br,Male,2022-05-23,$763.29
909,Benedetto,Belchamber,bbelchamberp8@istockphoto.com,Male,2021-11-10,$550.86
910,Vivianne,Coate,vcoatep9@squidoo.com,Female,2022-05-28,$748.93
911,Juan,Stait,jstaitpa@chron.com,Male,2022-03-16,$853.63
912,Daphna,Borrett,dborrettpb@reverbnation.com,Female,2021-12-27,$37.93
913,Belva,Gavini,bgavinipc@dell.com,Female,2021-11-14,$590.20
914,Stefan,Castenda,scastendapd@tuttocitta.it,Polygender,2022-02-14,$525.91
915,Minne,Elwell,melwellpe@posterous.com,Female,2022-03-17,$578.56
916,Sarita,Frandsen,sfrandsenpf@craigslist.org,Female,2022-07-07,$109.82
917,Crawford,Greener,cgreenerpg@joomla.org,Male,2022-06-17,$506.23
918,Tommy,Probets,tprobetsph@booking.com,Male,2022-09-07,$866.86
919,Randa,Hamlet,rhamletpi@netvibes.com,Female,2022-06-24,$168.47
920,Shay,Tardiff,stardiffpj@samsung.com,Male,2022-01-03,$859.32
921,Owen,Duckhouse,oduckhousepk@sbwire.com,Male,2022-06-02,$569.91
922,Jacklyn,Akam,jakampl@statcounter.com,Female,2022-07-06,$717.09
923,Barbe,McNea,bmcneapm@pagesperso-orange.fr,Female,2022-01-15,$528.23
924,Oren,Van der Son,ovandersonpn@a8.net,Male,2022-05-02,$838.59
925,Marcelle,Pietrowicz,mpietrowiczpo@google.com.au,Female,2022-04-13,$635.85
926,Malchy,Bottinelli,mbottinellipp@google.co.jp,Male,2022-04-22,$414.72
927,Catlin,Stanyland,cstanylandpq@etsy.com,Female,2022-10-13,$18.44
928,Clare,Satyford,csatyfordpr@wordpress.com,Male,2022-05-29,$463.57
929,Elva,Bennet,ebennetps@state.gov,Female,2022-04-17,$576.41
930,Glen,Cowpe,gcowpept@technorati.com,Male,2022-01-21,$613.99
931,Floyd,Lockett,flockettpu@dagondesign.com,Male,2022-06-12,$870.21
932,Russ,Sibthorp,rsibthorppv@deviantart.com,Male,2022-01-24,$244.53
933,Wade,Beade,wbeadepw@blogger.com,Male,2022-10-17,$682.55
934,Art,Gilroy,agilroypx@unesco.org,Male,2022-06-27,$493.01
935,Nerita,Palke,npalkepy@who.int,Female,2022-07-27,$627.11
936,Flss,Von Salzberg,fvonsalzbergpz@yellowpages.com,Female,2022-06-08,$651.42
937,Berny,Pietz,bpietzq0@naver.com,Male,2022-10-01,$241.86
938,Julieta,Gethins,jgethinsq1@psu.edu,Female,2021-12-13,$179.63
939,Claudian,Sadat,csadatq2@wikia.com,Polygender,2022-07-18,$288.59
940,Agosto,Gatheridge,agatheridgeq3@printfriendly.com,Male,2022-02-04,$138.12
941,Esteban,Soaper,esoaperq4@elegantthemes.com,Male,2022-06-27,$528.59
942,Martha,Chellingworth,mchellingworthq5@linkedin.com,Female,2022-01-13,$168.19
943,Christa,Mullineux,cmullineuxq6@liveinternet.ru,Female,2022-07-19,$773.04
944,Chlo,Sermin,cserminq7@spiegel.de,Female,2021-12-03,$483.30
945,Merilyn,Palffrey,mpalffreyq8@fda.gov,Genderfluid,2022-02-27,$766.82
946,Brunhilda,Cardenoso,bcardenosoq9@behance.net,Female,2022-04-12,$687.59
947,Emory,Akester,eakesterqa@studiopress.com,Male,2022-02-26,$897.06
948,Pavla,Levett,plevettqb@4shared.com,Female,2022-02-27,$588.82
949,Kent,Pagan,kpaganqc@nature.com,Agender,2022-02-05,$241.17
950,Herve,Glowacha,hglowachaqd@amazon.de,Male,2022-04-17,$495.10
951,Yankee,Steventon,ysteventonqe@columbia.edu,Male,2022-10-12,$855.29
952,Cyrus,Goschalk,cgoschalkqf@ow.ly,Male,2021-12-04,$592.38
953,Orin,Blanckley,oblanckleyqg@digg.com,Male,2021-12-06,$569.29
954,Teador,MacAulay,tmacaulayqh@devhub.com,Male,2022-01-09,$117.98
955,Elberta,Gorler,egorlerqi@oaic.gov.au,Female,2022-03-21,$147.13
956,Alfreda,Titt,atittqj@paypal.com,Female,2022-09-23,$377.26
957,Ansel,O' Flaherty,aoflahertyqk@google.com.br,Male,2021-11-24,$212.57
958,Tildy,Semper,tsemperql@comcast.net,Female,2022-10-13,$828.64
959,Alli,Ebden,aebdenqm@pcworld.com,Female,2022-05-21,$271.02
960,Linette,Horlick,lhorlickqn@facebook.com,Female,2022-01-24,$878.80
961,Laney,Stucke,lstuckeqo@themeforest.net,Male,2022-02-07,$203.07
962,Drusie,Brouwer,dbrouwerqp@wisc.edu,Female,2021-12-27,$178.00
963,Archambault,Stoffel,astoffelqq@unesco.org,Male,2021-11-07,$228.98
964,Elia,Delyth,edelythqr@weibo.com,Male,2022-10-13,$869.81
965,Erminie,McPake,emcpakeqs@issuu.com,Female,2022-06-30,$888.34
966,Neddy,Greetland,ngreetlandqt@nhs.uk,Male,2022-08-25,$641.53
967,Linnie,Janek,ljanekqu@wunderground.com,Female,2022-05-31,$844.59
968,Laraine,Robuchon,lrobuchonqv@bing.com,Female,2022-02-19,$556.46
969,Pet,Berisford,pberisfordqw@blogger.com,Agender,2022-05-07,$557.31
970,Dunn,Swift,dswiftqx@mlb.com,Male,2022-08-04,$739.47
971,Griffin,Ricardin,gricardinqy@oaic.gov.au,Male,2022-03-06,$677.04
972,Humbert,Matzaitis,hmatzaitisqz@facebook.com,Male,2022-05-22,$93.58
973,Con,Masedon,cmasedonr0@yellowpages.com,Genderfluid,2022-01-03,$104.32
974,Remy,Brunnen,rbrunnenr1@liveinternet.ru,Female,2022-07-24,$21.31
975,Clarence,Henken,chenkenr2@baidu.com,Male,2022-02-27,$394.19
976,Brose,Caurah,bcaurahr3@godaddy.com,Male,2022-04-08,$74.08
977,Merrielle,Giacopazzi,mgiacopazzir4@miitbeian.gov.cn,Female,2022-10-24,$86.18
978,Reynolds,Downey,rdowneyr5@dropbox.com,Male,2022-05-25,$738.10
979,Ed,Cuffley,ecuffleyr6@mtv.com,Male,2021-11-09,$814.63
980,Abba,Olivey,aoliveyr7@home.pl,Male,2022-10-08,$406.64
981,Alleyn,Gimson,agimsonr8@multiply.com,Male,2022-04-27,$362.86
982,Gabbie,Sadlier,gsadlierr9@people.com.cn,Male,2022-04-05,$787.10
983,Jarid,Crump,jcrumpra@furl.net,Male,2022-08-25,$628.57
984,Murvyn,Neicho,mneichorb@cyberchimps.com,Male,2022-03-12,$682.73
985,Barnie,Farmery,bfarmeryrc@fda.gov,Male,2022-08-07,$796.89
986,Maison,Banner,mbannerrd@geocities.jp,Male,2022-04-20,$3.08
987,Otis,Creese,ocreesere@goo.gl,Male,2022-08-15,$546.85
988,Ephraim,Littrik,elittrikrf@cisco.com,Male,2022-05-07,$738.76
989,Kim,Cino,kcinorg@slideshare.net,Male,2022-06-12,$18.12
990,Randee,de Nore,rdenorerh@google.es,Female,2022-05-10,$829.12
991,Nolly,Keefe,nkeeferi@dyndns.org,Male,2022-02-10,$151.38
992,Liesa,Maine,lmainerj@amazon.co.uk,Female,2021-11-14,$789.99
993,Gilemette,Gullane,ggullanerk@last.fm,Female,2022-01-30,$421.66
994,Martie,Markwick,mmarkwickrl@forbes.com,Female,2022-07-16,$895.22
995,Dalenna,Riquet,driquetrm@ftc.gov,Female,2021-12-18,$773.60
996,Rosemaria,Ianittello,rianittellorn@fda.gov,Female,2022-02-10,$446.21
997,Jethro,Hubert,jhubertro@printfriendly.com,Male,2022-05-22,$171.10
998,Chris,Cranney,ccranneyrp@sogou.com,Female,2022-01-14,$109.88
999,Raoul,Jayme,rjaymerq@epa.gov,Male,2022-07-03,$651.72
1000,Nathan,Rosengren,nrosengrenrr@ca.gov,Male,2022-05-09,$87.61
